{"type":"FeatureCollection","crs":{"type":"name","properties":{"name":"urn:ogc:def:crs:OGC:1.3:CRS84"}},"features":[{"type":"Feature","properties":{"name":"亞尼克菓子工房股份有限公司內湖廠","city":"臺北市","district":"內湖區","address":"臺北市內湖區湖元里瑞湖街178巷15號2至4樓"},"geometry":{"type":"Point","coordinates":[121.575794388343,25.07079165665]}},{"type":"Feature","properties":{"name":"福氣食品有限公司","city":"臺北市","district":"內湖區","address":"臺北市內湖區西康里文湖街60巷32號"},"geometry":{"type":"Point","coordinates":[121.564388965054,25.085986203088]}},{"type":"Feature","properties":{"name":"冠冕盒餐食品股份有限公司","city":"臺北市","district":"內湖區","address":"臺北市內湖區西康里內湖路1段91巷38弄5、7號1樓"},"geometry":{"type":"Point","coordinates":[121.562920958531,25.085548248647]}},{"type":"Feature","properties":{"name":"雅山咖啡有限公司","city":"臺北市","district":"內湖區","address":"臺北市內湖區葫洲里安康路228巷21弄36號"},"geometry":{"type":"Point","coordinates":[121.602012981475,25.06161288594]}},{"type":"Feature","properties":{"name":"高雄空廚股份有限公司松山廠","city":"臺北市","district":"松山區","address":"臺北市松山區精忠里敦化北路405巷123弄9號1、2樓"},"geometry":{"type":"Point","coordinates":[121.556104627231,25.062946614373]}},{"type":"Feature","properties":{"name":"聖陶莎食品有限公司","city":"臺北市","district":"北投區","address":"臺北市北投區1德里立功街80巷5號"},"geometry":{"type":"Point","coordinates":[121.46989516051,25.125439863245]}},{"type":"Feature","properties":{"name":"太平洋食品有限公司","city":"臺北市","district":"南港區","address":"臺北市南港區東新里重陽路190巷12弄2號4樓"},"geometry":{"type":"Point","coordinates":[121.602603235097,25.056868519195]}},{"type":"Feature","properties":{"name":"第一餐盒股份有限公司","city":"臺北市","district":"南港區","address":"臺北市南港區東新里重陽路263巷8號"},"geometry":{"type":"Point","coordinates":[121.602982432397,25.05834574581]}},{"type":"Feature","properties":{"name":"幸味村餐飲有限公司","city":"臺北市","district":"南港區","address":"臺北市南港區玉成里南港路3段139之1號"},"geometry":{"type":"Point","coordinates":[121.585200643905,25.05249815297]}},{"type":"Feature","properties":{"name":"吉弟食品行","city":"臺北市","district":"大同區","address":"臺北市大同區永樂里西寧北路78之3號"},"geometry":{"type":"Point","coordinates":[121.508688284787,25.054429804466]}},{"type":"Feature","properties":{"name":"萬泰製冰有限公司","city":"臺北市","district":"萬華區","address":"臺北市萬華區隆昌街25號"},"geometry":{"type":"Point","coordinates":[121.505244579867,25.041283585616]}},{"type":"Feature","properties":{"name":"華生水資源生技股份有限公司","city":"臺北市","district":"內湖區","address":"臺北市內湖區湖元里行忠路62號地下1樓"},"geometry":{"type":"Point","coordinates":[121.580026243618,25.066255161104]}},{"type":"Feature","properties":{"name":"太子油飯股份有限公司士林廠","city":"臺北市","district":"士林區","address":"臺北市士林區前港里前港街23、25及29號"},"geometry":{"type":"Point","coordinates":[121.522070412302,25.084817723876]}},{"type":"Feature","properties":{"name":"生發號農產有限公司","city":"臺北市","district":"北投區","address":"臺北市北投區1德里立德路120巷18、20號4樓"},"geometry":{"type":"Point","coordinates":[121.472814996481,25.126497114602]}},{"type":"Feature","properties":{"name":"鮑參翅食品有限公司","city":"臺北市","district":"士林區","address":"臺北市士林區永倫里延平北路6段458號1、3樓"},"geometry":{"type":"Point","coordinates":[121.499249842716,25.092810539106]}},{"type":"Feature","properties":{"name":"良友國際食品股份有限公司","city":"臺北市","district":"內湖區","address":"臺北市內湖區湖元里行忠路48號2、3樓"},"geometry":{"type":"Point","coordinates":[121.578658484658,25.065651077342]}},{"type":"Feature","properties":{"name":"君城食品有限公司","city":"臺北市","district":"士林區","address":"臺北市士林區永倫里延平北路6段511巷22號1樓"},"geometry":{"type":"Point","coordinates":[121.499065524665,25.091757436791]}},{"type":"Feature","properties":{"name":"衛鮮食品股份有限公司","city":"臺北市","district":"內湖區","address":"臺北市內湖區湖元里民善街128號地下2樓"},"geometry":{"type":"Point","coordinates":[121.575027695659,25.061380120489]}},{"type":"Feature","properties":{"name":"榮彬食品有限公司","city":"臺北市","district":"士林區","address":"臺北市士林區福中里福港街110巷1弄2之1號"},"geometry":{"type":"Point","coordinates":[121.517619956991,25.088440969162]}},{"type":"Feature","properties":{"name":"永贏食品有限公司","city":"臺北市","district":"南港區","address":"臺北市南港區合成里忠孝東路6段263號1樓"},"geometry":{"type":"Point","coordinates":[121.589502152796,25.04972793397]}},{"type":"Feature","properties":{"name":"珍苑食品股份有限公司","city":"臺北市","district":"士林區","address":"臺北市士林區永倫里倫等街51號1樓及2樓"},"geometry":{"type":"Point","coordinates":[121.50143534015,25.093073521318]}},{"type":"Feature","properties":{"name":"宇貹農產產銷股份有限公司","city":"臺北市","district":"士林區","address":"臺北市士林區永倫里延平北路6段457號2樓、3樓"},"geometry":{"type":"Point","coordinates":[121.499221511883,25.09209258719]}},{"type":"Feature","properties":{"name":"昕翊食品有限公司","city":"臺北市","district":"南港區","address":"臺北市南港區玉成里南港路3段130巷3弄9號1樓"},"geometry":{"type":"Point","coordinates":[121.587650255108,25.053739387101]}},{"type":"Feature","properties":{"name":"盛記食品廠有限公司","city":"臺北市","district":"文山區","address":"臺北市文山區華興里辛亥路6段13號1樓"},"geometry":{"type":"Point","coordinates":[121.552280719183,24.990775368638]}},{"type":"Feature","properties":{"name":"純香食品行","city":"臺北市","district":"內湖區","address":"臺北市內湖區週美里南京東路6段330巷18弄15號"},"geometry":{"type":"Point","coordinates":[121.583844032876,25.057678630137]}},{"type":"Feature","properties":{"name":"禾翔食品行股份有限公司","city":"臺北市","district":"南港區","address":"臺北市南港區玉成里8德路4段768巷1弄4號1樓、6號1樓"},"geometry":{"type":"Point","coordinates":[121.580565786725,25.050151932542]}},{"type":"Feature","properties":{"name":"華生水資源生技股份有限公司內湖二廠","city":"臺北市","district":"內湖區","address":"臺北市內湖區湖元里行忠路62號4樓"},"geometry":{"type":"Point","coordinates":[121.580026243618,25.066255161104]}},{"type":"Feature","properties":{"name":"聯友糧食行","city":"臺北市","district":"南港區","address":"臺北市南港區中南里忠孝東路7段511號1、2樓"},"geometry":{"type":"Point","coordinates":[121.612074953323,25.05287730836]}},{"type":"Feature","properties":{"name":"正益食品廠有限公司","city":"臺北市","district":"內湖區","address":"臺北市內湖區週美里新明路321巷13號2樓、15號1、2樓"},"geometry":{"type":"Point","coordinates":[121.584862937026,25.056208276682]}},{"type":"Feature","properties":{"name":"三義醬油工廠","city":"臺北市","district":"萬華區","address":"臺北市萬華區榮德里萬大路424巷129、131號1樓"},"geometry":{"type":"Point","coordinates":[121.494642729636,25.02087314847]}},{"type":"Feature","properties":{"name":"一九九七食品有限公司","city":"臺北市","district":"南港區","address":"臺北市南港區重陽里重陽路263巷1號地下層"},"geometry":{"type":"Point","coordinates":[121.603377555312,25.057954730027]}},{"type":"Feature","properties":{"name":"全祥茶莊股份有限公司精製廠","city":"臺北市","district":"大同區","address":"臺北市大同區永樂里貴德街49號"},"geometry":{"type":"Point","coordinates":[121.508368599,25.055051699772]}},{"type":"Feature","properties":{"name":"林華泰茶行有限公司","city":"臺北市","district":"大同區","address":"臺北市大同區民權里重慶北路2段193號1樓"},"geometry":{"type":"Point","coordinates":[121.513717091416,25.060141400928]}},{"type":"Feature","properties":{"name":"亞尼克菓子工房股份有限公司內湖二廠","city":"臺北市","district":"內湖區","address":"臺北市內湖區湖元里瑞湖街178巷15號5樓"},"geometry":{"type":"Point","coordinates":[121.575794388343,25.07079165665]}},{"type":"Feature","properties":{"name":"年盛食品工廠有限公司","city":"臺北市","district":"萬華區","address":"臺北市萬華區寶興街210巷19號"},"geometry":{"type":"Point","coordinates":[121.495041959684,25.022618595987]}},{"type":"Feature","properties":{"name":"臺灣菸酒股份有限公司台北啤酒工場","city":"臺北市","district":"中山區","address":"臺北市中山區朱園里8德路2段85號"},"geometry":{"type":"Point","coordinates":[121.535691591695,25.045868696201]}},{"type":"Feature","properties":{"name":"三水冰果店","city":"臺北市","district":"萬華區","address":"臺北市萬華區青山里廣州街223巷11號"},"geometry":{"type":"Point","coordinates":[121.498972150264,25.037088065891]}},{"type":"Feature","properties":{"name":"甲上燒餅有限公司","city":"臺北市","district":"內湖區","address":"臺北市內湖區週美里新明路174巷16號"},"geometry":{"type":"Point","coordinates":[121.585083716356,25.058080542394]}},{"type":"Feature","properties":{"name":"漢翊食品有限公司","city":"臺北市","district":"南港區","address":"臺北市南港區合成里忠孝東路6段85號2樓"},"geometry":{"type":"Point","coordinates":[121.584662441902,25.048175605502]}},{"type":"Feature","properties":{"name":"興紀餐飲有限公司","city":"臺北市","district":"內湖區","address":"臺北市內湖區西安里內湖路1段91巷18號1、2樓及20號1樓"},"geometry":{"type":"Point","coordinates":[121.561785727567,25.085125254337]}},{"type":"Feature","properties":{"name":"君城食品有限公司二廠","city":"臺北市","district":"士林區","address":"臺北市士林區永倫里延平北路6段511巷22號4樓"},"geometry":{"type":"Point","coordinates":[121.499065524665,25.091757436791]}},{"type":"Feature","properties":{"name":"鉅登團膳食品有限公司","city":"臺北市","district":"南港區","address":"臺北市南港區西新里南港路3段80巷32號2樓、地下"},"geometry":{"type":"Point","coordinates":[121.590634547915,25.055101572096]}},{"type":"Feature","properties":{"name":"美福餐飲股份有限公司","city":"臺北市","district":"內湖區","address":"臺北市內湖區湖元里民善街128號3樓"},"geometry":{"type":"Point","coordinates":[121.575027695659,25.061380120489]}},{"type":"Feature","properties":{"name":"康鮮食品股份有限公司","city":"臺北市","district":"南港區","address":"臺北市南港區重陽里重陽路263巷3號4樓"},"geometry":{"type":"Point","coordinates":[121.603275715189,25.058163942331]}},{"type":"Feature","properties":{"name":"恩沛行食品有限公司","city":"臺北市","district":"內湖區","address":"臺北市內湖區蘆洲里安康路228巷21弄32號"},"geometry":{"type":"Point","coordinates":[121.602141727508,25.061632331955]}},{"type":"Feature","properties":{"name":"永祥西點麵包店","city":"臺北市","district":"內湖區","address":"臺北市內湖區西康里內湖路1段77號1樓"},"geometry":{"type":"Point","coordinates":[121.560625993442,25.08483302085]}},{"type":"Feature","properties":{"name":"麵屋千雲股份有限公司","city":"臺北市","district":"內湖區","address":"臺北市內湖區湖元里行愛路141巷36號4樓及38號4樓"},"geometry":{"type":"Point","coordinates":[121.581365420288,25.064967575048]}},{"type":"Feature","properties":{"name":"中原食品工業開發股份有限公司","city":"臺北市","district":"萬華區","address":"臺北市萬華區糖廍里艋舺大道275巷13、15號1樓"},"geometry":{"type":"Point","coordinates":[121.497629956108,25.033656389003]}},{"type":"Feature","properties":{"name":"世豐製麵廠","city":"臺北市","district":"大同區","address":"臺北市大同區重慶里敦煌路24巷12弄3號1樓"},"geometry":{"type":"Point","coordinates":[121.519534802772,25.075039730908]}},{"type":"Feature","properties":{"name":"天仁餐盒有限公司","city":"臺北市","district":"內湖區","address":"臺北市內湖區週美里新明路321巷10弄8、10、12號1樓"},"geometry":{"type":"Point","coordinates":[121.585024875396,25.056638352134]}},{"type":"Feature","properties":{"name":"焦唐楓餐飲文化股份有限公司","city":"臺北市","district":"內湖區","address":"臺北市內湖區湖元里民權東路6段15巷30號1、2、3樓"},"geometry":{"type":"Point","coordinates":[121.577959853028,25.06834954725]}},{"type":"Feature","properties":{"name":"世慶食品有限公司內湖廠","city":"臺北市","district":"內湖區","address":"臺北市內湖區蘆洲里安康路172號"},"geometry":{"type":"Point","coordinates":[121.601483915747,25.06303688747]}},{"type":"Feature","properties":{"name":"宮保王食品有限公司","city":"臺北市","district":"南港區","address":"臺北市南港區玉成里南港路3段149巷49弄12、14號"},"geometry":{"type":"Point","coordinates":[121.585287815698,25.052175114421]}},{"type":"Feature","properties":{"name":"啡卡咖啡股份有限公司","city":"臺北市","district":"南港區","address":"臺北市南港區東新里重陽路186號"},"geometry":{"type":"Point","coordinates":[121.602240047232,25.05745500096]}},{"type":"Feature","properties":{"name":"禾藝廚房股份有限公司","city":"臺北市","district":"內湖區","address":"臺北市內湖區湖元里陽光街365巷37、39號"},"geometry":{"type":"Point","coordinates":[121.577334898327,25.071896098122]}},{"type":"Feature","properties":{"name":"德誠食品有限公司","city":"臺北市","district":"南港區","address":"臺北市南港區西新里臺北市南港區成功路1段38號1樓"},"geometry":{"type":"Point","coordinates":[121.592739830535,25.055837628923]}},{"type":"Feature","properties":{"name":"養心餐飲股份有限公司","city":"臺北市","district":"南港區","address":"臺北市南港區西新里松河街410號"},"geometry":{"type":"Point","coordinates":[121.589544062312,25.05547775191]}},{"type":"Feature","properties":{"name":"老竹子三發點心總匯商行","city":"臺北市","district":"大同區","address":"臺北市大同區鄰江里環河北路2段213巷1號"},"geometry":{"type":"Point","coordinates":[121.50969914231,25.0697494089]}},{"type":"Feature","properties":{"name":"第一餐盒股份有限公司2廠","city":"臺北市","district":"南港區","address":"臺北市南港區重陽里重陽路263巷8號2樓"},"geometry":{"type":"Point","coordinates":[121.602982432397,25.05834574581]}},{"type":"Feature","properties":{"name":"君城食品有限公司三廠","city":"臺北市","district":"士林區","address":"臺北市士林區永倫里延平北路6段511巷22號2樓"},"geometry":{"type":"Point","coordinates":[121.499065524665,25.091757436791]}},{"type":"Feature","properties":{"name":"德佳食品工業有限公司","city":"臺北市","district":"北投區","address":"臺北市北投區8仙里中央南路2段133號-1樓"},"geometry":{"type":"Point","coordinates":[121.500403611688,25.121008937769]}},{"type":"Feature","properties":{"name":"糖話國際股份有限公司保健糖果廠","city":"臺北市","district":"中山區","address":"臺北市中山區集英里中山北路3段22之1號5樓-新設工大樓"},"geometry":{"type":"Point","coordinates":[121.521729687937,25.064468809899]}},{"type":"Feature","properties":{"name":"龍泰西點麵包店","city":"臺北市","district":"中正區","address":"臺北市中正區文祥里杭州南路1段145之2號2樓"},"geometry":{"type":"Point","coordinates":[121.524660336564,25.036099252773]}},{"type":"Feature","properties":{"name":"欣香國際食品有限公司","city":"臺北市","district":"文山區","address":"臺北市文山區興隆路2段99號"},"geometry":{"type":"Point","coordinates":[121.547745699429,24.999837282255]}},{"type":"Feature","properties":{"name":"盛記食品廠有限公司興富廠","city":"臺北市","district":"文山區","address":"臺北市文山區華興里辛亥路6段13號"},"geometry":{"type":"Point","coordinates":[121.552280719183,24.990775368638]}},{"type":"Feature","properties":{"name":"雅培米堤食品有限公司","city":"臺北市","district":"中山區","address":"臺北市中山區中庄里民生東路2段95號2樓、97號2樓"},"geometry":{"type":"Point","coordinates":[121.531084227157,25.058109627598]}},{"type":"Feature","properties":{"name":"昱陸麵店","city":"臺北市","district":"士林區","address":"臺北市士林區承德里承德路4段58巷24號"},"geometry":{"type":"Point","coordinates":[121.521832533889,25.082024077457]}},{"type":"Feature","properties":{"name":"唭哩岸麵線","city":"臺北市","district":"北投區","address":"臺北市北投區8仙里立農街1段187巷16號1樓"},"geometry":{"type":"Point","coordinates":[121.504819449738,25.120742854253]}},{"type":"Feature","properties":{"name":"鴻輝食品廠","city":"新北市","district":"新莊區","address":"新北市新莊區新莊路四九三巷四弄一一號"},"geometry":{"type":"Point","coordinates":[121.448618091317,25.0327031220478]}},{"type":"Feature","properties":{"name":"廣達香食品股份有限公司","city":"新北市","district":"新莊區","address":"新北市新莊區化成路三八二巷一八號"},"geometry":{"type":"Point","coordinates":[121.467221414508,25.04990297127]}},{"type":"Feature","properties":{"name":"順發糧食行","city":"新北市","district":"板橋區","address":"新北市板橋區縣民大道一段二八一號"},"geometry":{"type":"Point","coordinates":[121.460503814584,25.0101125037041]}},{"type":"Feature","properties":{"name":"台灣塩野香料股份有限公司","city":"新北市","district":"新莊區","address":"新北市新莊區化成路二一九號"},"geometry":{"type":"Point","coordinates":[121.465686254094,25.0467418103903]}},{"type":"Feature","properties":{"name":"圓金釀造食品股份有限公司","city":"新北市","district":"新莊區","address":"新北市新莊區新樹路二六八巷二二號"},"geometry":{"type":"Point","coordinates":[121.431057250618,25.0140290966789]}},{"type":"Feature","properties":{"name":"永芳醬園股份有限公司","city":"新北市","district":"永和區","address":"新北市永和區仁愛路一四一巷五二號"},"geometry":{"type":"Point","coordinates":[121.512552729935,25.0113362727273]}},{"type":"Feature","properties":{"name":"強生化學製藥廠股份有限公司","city":"新北市","district":"三重區","address":"新北市三重區三和路4段77號2、3樓、79號1至6樓"},"geometry":{"type":"Point","coordinates":[121.489724760043,25.0752712299029]}},{"type":"Feature","properties":{"name":"大德製冰廠","city":"新北市","district":"淡水區","address":"新北市淡水區中正路二巷一號"},"geometry":{"type":"Point","coordinates":[121.443662752774,25.1696653472412]}},{"type":"Feature","properties":{"name":"臺灣農林股份有限公司北區分公司","city":"新北市","district":"三峽區","address":"新北市三峽區竹崙路140號"},"geometry":{"type":"Point","coordinates":[121.434918096025,24.9092893193722]}},{"type":"Feature","properties":{"name":"新成春碾米廠","city":"新北市","district":"樹林區","address":"新北市樹林區柑園街一段三四五號"},"geometry":{"type":"Point","coordinates":[121.390728527778,24.956313257692]}},{"type":"Feature","properties":{"name":"建興豆皮工廠","city":"新北市","district":"鶯歌區","address":"新北市鶯歌區黃厝街３１巷１７號"},"geometry":{"type":"Point","coordinates":[121.343586243108,24.9455396021506]}},{"type":"Feature","properties":{"name":"永順豆皮工廠","city":"新北市","district":"鶯歌區","address":"新北市鶯歌區尖山路二０四號"},"geometry":{"type":"Point","coordinates":[121.343699812918,24.9471129516845]}},{"type":"Feature","properties":{"name":"華泰行食品工廠","city":"新北市","district":"新莊區","address":"新北市新莊區新莊路六七、六九號"},"geometry":{"type":"Point","coordinates":[121.457548356364,25.0367944736077]}},{"type":"Feature","properties":{"name":"翁裕美商行","city":"新北市","district":"新莊區","address":"新北市新莊區新莊路128號"},"geometry":{"type":"Point","coordinates":[121.455691611533,25.0358975757072]}},{"type":"Feature","properties":{"name":"集發米廠","city":"新北市","district":"金山區","address":"新北市金山區美田里中山路218號"},"geometry":{"type":"Point","coordinates":[121.637415041646,25.2219599603803]}},{"type":"Feature","properties":{"name":"和利碾米工廠","city":"新北市","district":"淡水區","address":"新北市淡水區中正路一七０號"},"geometry":{"type":"Point","coordinates":[121.440496839299,25.1699002529404]}},{"type":"Feature","properties":{"name":"桂冠實業股份有限公司中和一廠","city":"新北市","district":"中和區","address":"新北市中和區中山路二段三二九號"},"geometry":{"type":"Point","coordinates":[121.492913618514,25.0022057455344]}},{"type":"Feature","properties":{"name":"建豐實業股份有限公司二重工廠","city":"新北市","district":"三重區","address":"新北市三重區光復路二段一四０號"},"geometry":{"type":"Point","coordinates":[121.471968995643,25.0595943998413]}},{"type":"Feature","properties":{"name":"林源昌蔴油食品有限公司","city":"新北市","district":"新店區","address":"新北市新店區永業路96號"},"geometry":{"type":"Point","coordinates":[121.530423239643,24.9507133229856]}},{"type":"Feature","properties":{"name":"信成油廠股份有限公司板橋分廠","city":"新北市","district":"板橋區","address":"新北市板橋區觀光街五八號"},"geometry":{"type":"Point","coordinates":[121.470172349414,25.0166543089046]}},{"type":"Feature","properties":{"name":"新合記實業有限公司","city":"新北市","district":"新莊區","address":"新北市新莊區幸福東路六０號"},"geometry":{"type":"Point","coordinates":[121.464909921127,25.0496032681179]}},{"type":"Feature","properties":{"name":"傳貴豆皮工廠","city":"新北市","district":"板橋區","address":"新北市板橋區南雅南路一段四巷一六號"},"geometry":{"type":"Point","coordinates":[121.45463734709,25.0052064877386]}},{"type":"Feature","properties":{"name":"樂口福食品股份有限公司深坑工廠","city":"新北市","district":"深坑區","address":"新北市深坑區文山路1段33號"},"geometry":{"type":"Point","coordinates":[121.629418294751,25.0035100042302]}},{"type":"Feature","properties":{"name":"南亞茶業股份有限公司","city":"新北市","district":"三芝區","address":"新北市三芝區橫山路一三之一號"},"geometry":{"type":"Point","coordinates":[121.500952239,25.2577212984]}},{"type":"Feature","properties":{"name":"天興豆腐店","city":"新北市","district":"板橋區","address":"新北市板橋區文化路一段四二一巷二七號"},"geometry":{"type":"Point","coordinates":[121.466049494018,25.0232438168679]}},{"type":"Feature","properties":{"name":"鴻明冷凍食品股份有限公司","city":"新北市","district":"瑞芳區","address":"新北市瑞芳區大寮路八四號"},"geometry":{"type":"Point","coordinates":[121.781552515523,25.1001896865588]}},{"type":"Feature","properties":{"name":"濟生股份有限公司","city":"新北市","district":"新莊區","address":"新北市新莊區福營路二二七巷二三號"},"geometry":{"type":"Point","coordinates":[121.430263679278,25.0294624171988]}},{"type":"Feature","properties":{"name":"永利油廠有限公司","city":"新北市","district":"新莊區","address":"新北市新莊區化成路三八九巷六六號"},"geometry":{"type":"Point","coordinates":[121.463051381116,25.058086570109]}},{"type":"Feature","properties":{"name":"富記食品有限公司泰山廠","city":"新北市","district":"泰山區","address":"新北市泰山區貴和里貴陽街五號"},"geometry":{"type":"Point","coordinates":[121.421329273299,25.0334696629491]}},{"type":"Feature","properties":{"name":"中立食品工業股份有限公司","city":"新北市","district":"新莊區","address":"新北市新莊區思源路九二號"},"geometry":{"type":"Point","coordinates":[121.460220579223,25.0457331056547]}},{"type":"Feature","properties":{"name":"鮮太王食品工業股份有限公司","city":"新北市","district":"土城區","address":"新北市土城區工業區大同街一五之一號"},"geometry":{"type":"Point","coordinates":[121.442810687,24.9725709758]}},{"type":"Feature","properties":{"name":"振記冷藏股份有限公司","city":"新北市","district":"新莊區","address":"新北市新莊區中正路六一巷三號"},"geometry":{"type":"Point","coordinates":[121.462301783883,25.0393041317188]}},{"type":"Feature","properties":{"name":"德合豆沙工廠","city":"新北市","district":"中和區","address":"新北市中和區連城路二一六、二一八號"},"geometry":{"type":"Point","coordinates":[121.491460252588,24.9965991324267]}},{"type":"Feature","properties":{"name":"三順冷凍有限公司","city":"新北市","district":"板橋區","address":"新北市板橋區干城路一五九號"},"geometry":{"type":"Point","coordinates":[121.46072757345,24.9921658370712]}},{"type":"Feature","properties":{"name":"有豐食品股份有限公司淡水廠","city":"新北市","district":"淡水區","address":"新北市淡水區椿子林二０之一號"},"geometry":{"type":"Point","coordinates":[121.481940111497,25.2037184348291]}},{"type":"Feature","properties":{"name":"樺興化學工業有限公司","city":"新北市","district":"新莊區","address":"新北市新莊區化成路389巷18號"},"geometry":{"type":"Point","coordinates":[121.464442378396,25.0583879809496]}},{"type":"Feature","properties":{"name":"文興食品工業股份有限公司淡水廠","city":"新北市","district":"淡水區","address":"新北市淡水區坪頂里小平頂二三之一二號"},"geometry":{"type":"Point","coordinates":[121.475575490257,25.1563368467325]}},{"type":"Feature","properties":{"name":"大醇食品股份有限公司","city":"新北市","district":"淡水區","address":"新北市淡水區行忠路328號"},"geometry":{"type":"Point","coordinates":[121.460860771581,25.199915313356]}},{"type":"Feature","properties":{"name":"代岱食品工廠","city":"新北市","district":"板橋區","address":"新北市板橋區中山路二段一四八巷三四號"},"geometry":{"type":"Point","coordinates":[121.47701235737,25.0160886852898]}},{"type":"Feature","properties":{"name":"台研食品有限公司","city":"新北市","district":"三重區","address":"新北市三重區中興北街一五０巷三一號"},"geometry":{"type":"Point","coordinates":[121.467694185915,25.0564777864874]}},{"type":"Feature","properties":{"name":"寶龍食品廠有限公司","city":"新北市","district":"樹林區","address":"新北市樹林區三俊街一五九巷三五號"},"geometry":{"type":"Point","coordinates":[121.419129595745,25.0166475965529]}},{"type":"Feature","properties":{"name":"台灣留蘭香股份有限公司大屯廠","city":"新北市","district":"淡水區","address":"新北市淡水區小坑子頭5之1號"},"geometry":{"type":"Point","coordinates":[121.483371741885,25.2127396484191]}},{"type":"Feature","properties":{"name":"振源食品科技股份有限公司","city":"新北市","district":"汐止區","address":"新北市汐止區八連路一段七八巷一號"},"geometry":{"type":"Point","coordinates":[121.643452520143,25.0808255393155]}},{"type":"Feature","properties":{"name":"昌桔食品有限公司土城廠","city":"新北市","district":"土城區","address":"新北市土城區民權街14號"},"geometry":{"type":"Point","coordinates":[121.415801337077,24.9643953914397]}},{"type":"Feature","properties":{"name":"高印昌股份有限公司","city":"新北市","district":"樹林區","address":"新北市樹林區三俊街九０巷六、八號"},"geometry":{"type":"Point","coordinates":[121.414221846253,25.0152295176135]}},{"type":"Feature","properties":{"name":"東鈴冷凍股份有限公司二廠","city":"新北市","district":"中和區","address":"新北市中和區中山路二段三八七號"},"geometry":{"type":"Point","coordinates":[121.486957303548,25.0045547860308]}},{"type":"Feature","properties":{"name":"華昇食品工廠股份有限公司","city":"新北市","district":"瑞芳區","address":"新北市瑞芳區頂坪路一三五號"},"geometry":{"type":"Point","coordinates":[121.793011714,25.102052644]}},{"type":"Feature","properties":{"name":"欣和興食品股份有限公司","city":"新北市","district":"樹林區","address":"新北市樹林區佳園路一段90號"},"geometry":{"type":"Point","coordinates":[121.393385277288,24.9693257741725]}},{"type":"Feature","properties":{"name":"寒山物產商業有限公司","city":"新北市","district":"中和區","address":"新北市中和區安邦街一四號"},"geometry":{"type":"Point","coordinates":[121.495813746766,24.9982146265537]}},{"type":"Feature","properties":{"name":"松記食品工業有限公司","city":"新北市","district":"新莊區","address":"新北市新莊區頭前路二巷七號"},"geometry":{"type":"Point","coordinates":[121.468343084854,25.0531874894878]}},{"type":"Feature","properties":{"name":"中立食品工業股份有限公司新莊二廠","city":"新北市","district":"新莊區","address":"新北市新莊區思源路84巷5號"},"geometry":{"type":"Point","coordinates":[121.460741727071,25.0454232579344]}},{"type":"Feature","properties":{"name":"臺灣威化企業有限公司","city":"新北市","district":"新莊區","address":"新北市新莊區頭前路一九號三樓"},"geometry":{"type":"Point","coordinates":[121.468005115253,25.0525770465366]}},{"type":"Feature","properties":{"name":"佑福食品有限公司","city":"新北市","district":"泰山區","address":"新北市泰山區明志路三段四０七巷五號"},"geometry":{"type":"Point","coordinates":[121.421642696759,25.0338903406826]}},{"type":"Feature","properties":{"name":"雙氏企業有限公司","city":"新北市","district":"汐止區","address":"新北市汐止區連興街一四八巷一號一樓"},"geometry":{"type":"Point","coordinates":[121.653919340059,25.0612339067951]}},{"type":"Feature","properties":{"name":"立基食品股份有限公司瑞芳一廠","city":"新北市","district":"瑞芳區","address":"新北市瑞芳區頂坪路一二號"},"geometry":{"type":"Point","coordinates":[121.791224750156,25.0976771245706]}},{"type":"Feature","properties":{"name":"頂昌企業有限公司","city":"新北市","district":"土城區","address":"新北市土城區永豐路一九五巷二三號"},"geometry":{"type":"Point","coordinates":[121.474122490492,24.9795815650322]}},{"type":"Feature","properties":{"name":"智慧餅店","city":"新北市","district":"板橋區","address":"新北市板橋區三民路二段二四五巷四弄一四號一樓"},"geometry":{"type":"Point","coordinates":[121.480549540254,25.01225248139]}},{"type":"Feature","properties":{"name":"口洛佳食品實業有限公司","city":"新北市","district":"新店區","address":"新北市新店區安泰路六０巷九０弄七八號"},"geometry":{"type":"Point","coordinates":[121.483645338766,24.9446509039445]}},{"type":"Feature","properties":{"name":"三豐食品工廠","city":"新北市","district":"新莊區","address":"新北市新莊區化成路一００之一號"},"geometry":{"type":"Point","coordinates":[121.465351241233,25.0441284359209]}},{"type":"Feature","properties":{"name":"吉美食品廠","city":"新北市","district":"板橋區","address":"新北市板橋區觀光街六一號"},"geometry":{"type":"Point","coordinates":[121.470406030238,25.0164308684194]}},{"type":"Feature","properties":{"name":"伍弘實業有限公司","city":"新北市","district":"板橋區","address":"新北市板橋區大觀路三段三六巷八九弄八號"},"geometry":{"type":"Point","coordinates":[121.433996023855,24.9980401126377]}},{"type":"Feature","properties":{"name":"金瑞珍糕餅店","city":"新北市","district":"瑞芳區","address":"新北市瑞芳區中正路八八號"},"geometry":{"type":"Point","coordinates":[121.805362084734,25.1077583455205]}},{"type":"Feature","properties":{"name":"聯淳國際股份有限公司","city":"新北市","district":"中和區","address":"新北市中和區中山路二段三八０巷三號"},"geometry":{"type":"Point","coordinates":[121.490983503457,25.0036558216659]}},{"type":"Feature","properties":{"name":"上好食品廠有限公司","city":"新北市","district":"汐止區","address":"新北市汐止區大同路一段一四六巷一二號"},"geometry":{"type":"Point","coordinates":[121.631934002156,25.054792313827]}},{"type":"Feature","properties":{"name":"茄苳實業廠有限公司","city":"新北市","district":"三重區","address":"新北市三重區自強路四段三一巷八號一樓"},"geometry":{"type":"Point","coordinates":[121.489468146162,25.0768583628324]}},{"type":"Feature","properties":{"name":"達益食品工業股份有限公司大有廠","city":"新北市","district":"三重區","address":"新北市三重區中正北路三四三、三四五號"},"geometry":{"type":"Point","coordinates":[121.472965865461,25.0717714952641]}},{"type":"Feature","properties":{"name":"易成食品企業有限公司","city":"新北市","district":"三重區","address":"新北市三重區重陽路一段一一三巷一弄三九號"},"geometry":{"type":"Point","coordinates":[121.487885626681,25.0588181185361]}},{"type":"Feature","properties":{"name":"貴州醬業有限公司","city":"新北市","district":"三峽區","address":"新北市三峽區橫溪路九九巷二六號"},"geometry":{"type":"Point","coordinates":[121.400317194145,24.9365760207457]}},{"type":"Feature","properties":{"name":"寶島油脂股份有限公司","city":"新北市","district":"土城區","address":"新北市土城區慶祥街一０二號"},"geometry":{"type":"Point","coordinates":[121.43543076844,24.9726384104698]}},{"type":"Feature","properties":{"name":"品良食品有限公司","city":"新北市","district":"淡水區","address":"新北市淡水區學府路一九四、一九六號一樓"},"geometry":{"type":"Point","coordinates":[121.446929153003,25.1761906157619]}},{"type":"Feature","properties":{"name":"生豐食品廠有限公司","city":"新北市","district":"中和區","address":"新北市中和區中正路一二０六巷一九號一、二樓"},"geometry":{"type":"Point","coordinates":[121.480166149537,25.0115243173643]}},{"type":"Feature","properties":{"name":"奕嘉食品廠","city":"新北市","district":"鶯歌區","address":"新北市鶯歌區鶯桃路94巷59弄8號1樓"},"geometry":{"type":"Point","coordinates":[121.341589102519,24.9553305940915]}},{"type":"Feature","properties":{"name":"阜晟企業股份有限公司","city":"新北市","district":"瑞芳區","address":"新北市瑞芳區魚坑路二００號"},"geometry":{"type":"Point","coordinates":[121.790433973,25.1097670327]}},{"type":"Feature","properties":{"name":"銘珍食品廠有限公司","city":"新北市","district":"淡水區","address":"新北市淡水區下圭柔山一一九之一二號"},"geometry":{"type":"Point","coordinates":[121.452785817687,25.2075953439859]}},{"type":"Feature","properties":{"name":"和益製麵廠股份有限公司板橋廠","city":"新北市","district":"板橋區","address":"新北市板橋區干城路一三九號三、四樓"},"geometry":{"type":"Point","coordinates":[121.459864227234,24.9932935916619]}},{"type":"Feature","properties":{"name":"芳福企業有限公司","city":"新北市","district":"新莊區","address":"新北市新莊區化成路三七五巷三五、三七號"},"geometry":{"type":"Point","coordinates":[121.46399130636,25.0576859179365]}},{"type":"Feature","properties":{"name":"新北市樹林區農會稻穀加工廠","city":"新北市","district":"樹林區","address":"新北市樹林區寶園街11號"},"geometry":{"type":"Point","coordinates":[121.386486493236,24.953444920659]}},{"type":"Feature","properties":{"name":"大安好食品有限公司","city":"新北市","district":"新莊區","address":"新北市新莊區化成路一九０巷一二號"},"geometry":{"type":"Point","coordinates":[121.466264838254,25.0465023209565]}},{"type":"Feature","properties":{"name":"芬芳烹材股份有限公司","city":"新北市","district":"樹林區","address":"新北市樹林區武林街9號之6（1~3樓）"},"geometry":{"type":"Point","coordinates":[121.418292782329,25.0021613377248]}},{"type":"Feature","properties":{"name":"蘇州采芝齋食品行","city":"新北市","district":"三重區","address":"新北市三重區中正北路一五號"},"geometry":{"type":"Point","coordinates":[121.492635159754,25.0616790245508]}},{"type":"Feature","properties":{"name":"品川實業股份有限公司","city":"新北市","district":"瑞芳區","address":"新北市瑞芳區頂坪路七八號"},"geometry":{"type":"Point","coordinates":[121.793011714,25.102052644]}},{"type":"Feature","properties":{"name":"富山共同製茶廠","city":"新北市","district":"三峽區","address":"新北市三峽區成福路247、249號"},"geometry":{"type":"Point","coordinates":[121.42667940969,24.9250290554781]}},{"type":"Feature","properties":{"name":"大人行實業有限公司","city":"新北市","district":"中和區","address":"新北市中和區橋和路九五號"},"geometry":{"type":"Point","coordinates":[121.490550943593,25.0056207605236]}},{"type":"Feature","properties":{"name":"良億食品廠","city":"新北市","district":"中和區","address":"新北市中和區自立路一四一巷九號一樓"},"geometry":{"type":"Point","coordinates":[121.522813778551,24.9936516664932]}},{"type":"Feature","properties":{"name":"欣裕食品有限公司","city":"新北市","district":"新店區","address":"新北市新店區民權路一五七、一五九號三樓"},"geometry":{"type":"Point","coordinates":[121.534029841075,24.9826411617617]}},{"type":"Feature","properties":{"name":"虎林食品行","city":"新北市","district":"三重區","address":"新北市三重區中正北路25巷21號1樓"},"geometry":{"type":"Point","coordinates":[121.493099985022,25.0624972757845]}},{"type":"Feature","properties":{"name":"王一企業有限公司","city":"新北市","district":"永和區","address":"新北市永和區永貞路三二０號一樓"},"geometry":{"type":"Point","coordinates":[121.511660358561,25.0051170362214]}},{"type":"Feature","properties":{"name":"祥茂糖菓工廠","city":"新北市","district":"坪林區","address":"新北市坪林區坪林里二六號一樓"},"geometry":{"type":"Point","coordinates":[121.712838007353,24.9423699824293]}},{"type":"Feature","properties":{"name":"漢點食品工廠有限公司","city":"新北市","district":"新莊區","address":"新北市新莊區自立街二一四巷一０弄二二號一樓"},"geometry":{"type":"Point","coordinates":[121.456367588083,25.0449716480192]}},{"type":"Feature","properties":{"name":"順溢油業有限公司","city":"新北市","district":"土城區","address":"新北市土城區慶祥街四二號"},"geometry":{"type":"Point","coordinates":[121.436905391793,24.9745315294515]}},{"type":"Feature","properties":{"name":"青峰實業股份有限公司","city":"新北市","district":"中和區","address":"新北市中和區中正路1226號5樓之1"},"geometry":{"type":"Point","coordinates":[121.479422086913,25.0109887702656]}},{"type":"Feature","properties":{"name":"信好食品廠","city":"新北市","district":"汐止區","address":"新北市汐止區大同路一段三三七巷一六弄一八號"},"geometry":{"type":"Point","coordinates":[121.637521065898,25.0609520069194]}},{"type":"Feature","properties":{"name":"聯米企業股份有限公司","city":"新北市","district":"樹林區","address":"新北市樹林區光武街三六巷一號"},"geometry":{"type":"Point","coordinates":[121.417077693455,25.0063284261582]}},{"type":"Feature","properties":{"name":"青映食品冷凍股份有限公司","city":"新北市","district":"汐止區","address":"新北市汐止區大同路1段358號"},"geometry":{"type":"Point","coordinates":[121.640275274832,25.0602434127393]}},{"type":"Feature","properties":{"name":"國暉國際有限公司","city":"新北市","district":"新店區","address":"新北市新店區中正路五四二之一號四樓"},"geometry":{"type":"Point","coordinates":[121.533785939908,24.9845456390209]}},{"type":"Feature","properties":{"name":"竹軒西點麵包店","city":"新北市","district":"樹林區","address":"新北市樹林區中山路一段九一號一樓"},"geometry":{"type":"Point","coordinates":[121.423386067362,24.9911626682777]}},{"type":"Feature","properties":{"name":"上發食品廠","city":"新北市","district":"新莊區","address":"新北市新莊區化成路二九巷八六號"},"geometry":{"type":"Point","coordinates":[121.462146919569,25.0440882730583]}},{"type":"Feature","properties":{"name":"頂嘉麻油食品工廠","city":"新北市","district":"土城區","address":"新北市土城區亞洲路五八巷五弄一八號"},"geometry":{"type":"Point","coordinates":[121.434122477139,24.9736908349041]}},{"type":"Feature","properties":{"name":"元福美食品廠","city":"新北市","district":"林口區","address":"新北市林口區中正路二五九號一樓"},"geometry":{"type":"Point","coordinates":[121.39045735475,25.0775854121027]}},{"type":"Feature","properties":{"name":"品愿股份有限公司五股廠","city":"新北市","district":"五股區","address":"新北市五股區五工三路一二一號"},"geometry":{"type":"Point","coordinates":[121.454239548036,25.068110929739]}},{"type":"Feature","properties":{"name":"銘洋食品冷凍股份有限公司","city":"新北市","district":"五股區","address":"新北市五股區五權八路三三號"},"geometry":{"type":"Point","coordinates":[121.448577241447,25.068931997006]}},{"type":"Feature","properties":{"name":"振芳食品工廠","city":"新北市","district":"新莊區","address":"新北市新莊區福營路二二七巷四五及四七號"},"geometry":{"type":"Point","coordinates":[121.430441113638,25.0284681984614]}},{"type":"Feature","properties":{"name":"美佳利蛋糕麵包廠","city":"新北市","district":"新店區","address":"新北市新店區寶橋路二一二號"},"geometry":{"type":"Point","coordinates":[121.551062330288,24.9784457667696]}},{"type":"Feature","properties":{"name":"五魚實業有限公司","city":"新北市","district":"樹林區","address":"新北市樹林區三俊街七四巷四四號"},"geometry":{"type":"Point","coordinates":[121.413816758887,25.0137961045737]}},{"type":"Feature","properties":{"name":"宏鑫碾米廠","city":"新北市","district":"中和區","address":"新北市中和區中正路一二０六巷四號"},"geometry":{"type":"Point","coordinates":[121.480321800216,25.0108599458352]}},{"type":"Feature","properties":{"name":"漢軒食品廠股份有限公司","city":"新北市","district":"新店區","address":"新北市新店區民權路九０巷三五號三樓"},"geometry":{"type":"Point","coordinates":[121.536417737471,24.9840911016178]}},{"type":"Feature","properties":{"name":"晶品股份有限公司新莊廠","city":"新北市","district":"五股區","address":"新北市五股區五工路一二六號"},"geometry":{"type":"Point","coordinates":[121.451256992669,25.0686233912011]}},{"type":"Feature","properties":{"name":"譚少華食品廠有限公司","city":"新北市","district":"汐止區","address":"新北市汐止區南陽街一二０巷七號一、二樓"},"geometry":{"type":"Point","coordinates":[121.623918249748,25.0602630990444]}},{"type":"Feature","properties":{"name":"海歷香食品廠","city":"新北市","district":"新店區","address":"新北市新店區民權路九０巷三六號二樓"},"geometry":{"type":"Point","coordinates":[121.536561910516,24.9840977439422]}},{"type":"Feature","properties":{"name":"統力食品企業股份有限公司樹林廠","city":"新北市","district":"樹林區","address":"新北市樹林區柑園街1段192號"},"geometry":{"type":"Point","coordinates":[121.395217843783,24.9566176152615]}},{"type":"Feature","properties":{"name":"啓生食品工業股份有限公司","city":"新北市","district":"中和區","address":"新北市中和區中山路3段136巷10弄10號"},"geometry":{"type":"Point","coordinates":[121.474358108407,25.0070839633092]}},{"type":"Feature","properties":{"name":"益弘食品有限公司","city":"新北市","district":"中和區","address":"新北市中和區中山路二段三四０巷四七號"},"geometry":{"type":"Point","coordinates":[121.493123709738,25.003980770515]}},{"type":"Feature","properties":{"name":"長旺興業有限公司","city":"新北市","district":"中和區","address":"新北市中和區中山路二段三四０巷一九號"},"geometry":{"type":"Point","coordinates":[121.49344228735,25.0030218450058]}},{"type":"Feature","properties":{"name":"仕維生股份有限公司汐止廠","city":"新北市","district":"汐止區","address":"新北市汐止區環河街一七六號"},"geometry":{"type":"Point","coordinates":[121.628123322716,25.057312806947]}},{"type":"Feature","properties":{"name":"新北食品股份有限公司","city":"新北市","district":"三重區","address":"新北市三重區國道路1段59號"},"geometry":{"type":"Point","coordinates":[121.481131683175,25.0727790509241]}},{"type":"Feature","properties":{"name":"立台食品工業股份有限公司","city":"新北市","district":"三重區","address":"新北市三重區光華路59號"},"geometry":{"type":"Point","coordinates":[121.467132553519,25.0599452030859]}},{"type":"Feature","properties":{"name":"正全製茶工廠","city":"新北市","district":"三峽區","address":"新北市三峽區竹崙里竹崙路一六號"},"geometry":{"type":"Point","coordinates":[121.426860574282,24.9226432070275]}},{"type":"Feature","properties":{"name":"名泓實業股份有限公司","city":"新北市","district":"五股區","address":"新北市五股區五權六路15號(1樓)"},"geometry":{"type":"Point","coordinates":[121.449835963895,25.0649199719887]}},{"type":"Feature","properties":{"name":"漢皇食品廠","city":"新北市","district":"中和區","address":"新北市中和區景新街三二號一樓"},"geometry":{"type":"Point","coordinates":[121.503236492449,24.999334068208]}},{"type":"Feature","properties":{"name":"西北食品工業股份有限公司","city":"新北市","district":"林口區","address":"新北市林口區粉寮路一段一０二號"},"geometry":{"type":"Point","coordinates":[121.399961925648,25.0817928169649]}},{"type":"Feature","properties":{"name":"台芳香料化學股份有限公司","city":"新北市","district":"新店區","address":"新北市新店區寶橋路二三五巷八號六樓"},"geometry":{"type":"Point","coordinates":[121.551819601879,24.9801866909002]}},{"type":"Feature","properties":{"name":"詩特莉食品股份有限公司","city":"新北市","district":"新店區","address":"新北市新店區寶橋路二三五巷一四號六樓"},"geometry":{"type":"Point","coordinates":[121.551496452283,24.9805939641696]}},{"type":"Feature","properties":{"name":"仰南食品股份有限公司鶯歌廠","city":"新北市","district":"鶯歌區","address":"新北市鶯歌區八德路二巷三七弄一０號"},"geometry":{"type":"Point","coordinates":[121.337067247045,24.9463441874649]}},{"type":"Feature","properties":{"name":"華信食品工業有限公司","city":"新北市","district":"新莊區","address":"新北市新莊區民安西路四六０巷二一號"},"geometry":{"type":"Point","coordinates":[121.430676480151,25.0076185442537]}},{"type":"Feature","properties":{"name":"浩漢食品廠有限公司","city":"新北市","district":"三重區","address":"新北市三重區中正北路五三０巷一七號"},"geometry":{"type":"Point","coordinates":[121.471810597653,25.0708865745452]}},{"type":"Feature","properties":{"name":"得立食品股份有限公司","city":"新北市","district":"新店區","address":"新北市新店區民權路四八之三號二樓"},"geometry":{"type":"Point","coordinates":[121.539731171537,24.983061530528]}},{"type":"Feature","properties":{"name":"明泉米粉廠","city":"新北市","district":"新莊區","address":"新北市新莊區民安西路四六０巷一三號"},"geometry":{"type":"Point","coordinates":[121.430850024412,25.0077733087431]}},{"type":"Feature","properties":{"name":"虹旭企業有限公司","city":"新北市","district":"汐止區","address":"新北市汐止區福德一路三九二巷二二弄一四號"},"geometry":{"type":"Point","coordinates":[121.627619366159,25.0618608643785]}},{"type":"Feature","properties":{"name":"煌輝食品企業有限公司","city":"新北市","district":"樹林區","address":"新北市樹林區中正路二六四巷一號"},"geometry":{"type":"Point","coordinates":[121.417480337188,25.0079540678319]}},{"type":"Feature","properties":{"name":"立基食品股份有限公司瑞芳二廠","city":"新北市","district":"瑞芳區","address":"新北市瑞芳區傑興里頂坪路瑞芳工業區二一號"},"geometry":{"type":"Point","coordinates":[121.790933424075,25.0983503715196]}},{"type":"Feature","properties":{"name":"丸郁食品冷凍股份有限公司","city":"新北市","district":"瑞芳區","address":"新北市瑞芳區頂坪路五四號"},"geometry":{"type":"Point","coordinates":[121.793011714,25.102052644]}},{"type":"Feature","properties":{"name":"寶之川股份有限公司土城廠","city":"新北市","district":"土城區","address":"新北市土城區永豐路一九五巷七弄五號"},"geometry":{"type":"Point","coordinates":[121.471519547422,24.9791869042432]}},{"type":"Feature","properties":{"name":"可愛食品有限公司","city":"新北市","district":"汐止區","address":"新北市汐止區福德一路三九二巷四一弄一四號"},"geometry":{"type":"Point","coordinates":[121.625875455798,25.06249690251]}},{"type":"Feature","properties":{"name":"南嘉有限公司台北廠","city":"新北市","district":"汐止區","address":"新北市汐止區福德一路三九二巷五號"},"geometry":{"type":"Point","coordinates":[121.627282270819,25.0610846355836]}},{"type":"Feature","properties":{"name":"啟元食品廠","city":"新北市","district":"淡水區","address":"新北市淡水區民族路一一號"},"geometry":{"type":"Point","coordinates":[121.460418646705,25.1370777969259]}},{"type":"Feature","properties":{"name":"瑞昶貿易股份有限公司五股廠","city":"新北市","district":"五股區","address":"新北市五股區五工二路一一六巷九號"},"geometry":{"type":"Point","coordinates":[121.455364342359,25.070709457292]}},{"type":"Feature","properties":{"name":"琦美製冰股份有限公司","city":"新北市","district":"三重區","address":"新北市三重區中興北街一０八號"},"geometry":{"type":"Point","coordinates":[121.469816323164,25.0485983387761]}},{"type":"Feature","properties":{"name":"七味之友有限公司","city":"新北市","district":"五股區","address":"新北市五股區五工五路四六號"},"geometry":{"type":"Point","coordinates":[121.448936609715,25.0674168388864]}},{"type":"Feature","properties":{"name":"旺昌食品有限公司","city":"新北市","district":"三重區","address":"新北市三重區新北大道2段139巷26號"},"geometry":{"type":"Point","coordinates":[121.466408078393,25.0605368049908]}},{"type":"Feature","properties":{"name":"正泉豆腐工廠有限公司","city":"新北市","district":"板橋區","address":"新北市板橋區三民路一段一三八巷一一號一樓"},"geometry":{"type":"Point","coordinates":[121.478353802979,25.0204216414678]}},{"type":"Feature","properties":{"name":"同祥有限公司","city":"新北市","district":"新莊區","address":"新北市新莊區中正路五一四巷五三弄一八號"},"geometry":{"type":"Point","coordinates":[121.431341671085,25.033709196043]}},{"type":"Feature","properties":{"name":"旭梅企業有限公司","city":"新北市","district":"瑞芳區","address":"新北市瑞芳區頂坪路九０號"},"geometry":{"type":"Point","coordinates":[121.793011714,25.102052644]}},{"type":"Feature","properties":{"name":"七星香料股份有限公司","city":"新北市","district":"新莊區","address":"新北市新莊區化成路一一巷八九弄一一號"},"geometry":{"type":"Point","coordinates":[121.462247695789,25.0429939394751]}},{"type":"Feature","properties":{"name":"育力企業有限公司","city":"新北市","district":"板橋區","address":"新北市板橋區干城路一三九號二樓"},"geometry":{"type":"Point","coordinates":[121.459864227234,24.9932935916619]}},{"type":"Feature","properties":{"name":"永好食品廠有限公司","city":"新北市","district":"新莊區","address":"新北市新莊區福營路一六五巷六號"},"geometry":{"type":"Point","coordinates":[121.432211113568,25.0307823370562]}},{"type":"Feature","properties":{"name":"滋美企業有限公司","city":"新北市","district":"板橋區","address":"新北市板橋區重慶路二六九巷五一號"},"geometry":{"type":"Point","coordinates":[121.464829078529,24.9989481604068]}},{"type":"Feature","properties":{"name":"聖風有限公司","city":"新北市","district":"新莊區","address":"新北市新莊區五權一路五號四樓之七"},"geometry":{"type":"Point","coordinates":[121.457934508101,25.0661722619781]}},{"type":"Feature","properties":{"name":"今達食品有限公司","city":"新北市","district":"五股區","address":"新北市五股區國道路3段8巷10號"},"geometry":{"type":"Point","coordinates":[121.469263260784,25.074659236349]}},{"type":"Feature","properties":{"name":"全壽龍實業有限公司","city":"新北市","district":"新店區","address":"新北市新店區中正路四維巷八弄一三號四樓"},"geometry":{"type":"Point","coordinates":[121.534957639749,24.9845915959846]}},{"type":"Feature","properties":{"name":"惠格實業有限公司","city":"新北市","district":"汐止區","address":"新北市汐止區大安街56巷14號"},"geometry":{"type":"Point","coordinates":[121.678191944967,25.073304927388]}},{"type":"Feature","properties":{"name":"振芳股份有限公司","city":"新北市","district":"五股區","address":"新北市五股區五工六路19號"},"geometry":{"type":"Point","coordinates":[121.449649206829,25.0623083337485]}},{"type":"Feature","properties":{"name":"日正食品工業股份有限公司深坑廠","city":"新北市","district":"深坑區","address":"新北市深坑區北深路三段一四一巷九號"},"geometry":{"type":"Point","coordinates":[121.603302896364,25.0021753980273]}},{"type":"Feature","properties":{"name":"長隆食品股份有限公司","city":"新北市","district":"板橋區","address":"新北市板橋區信義路一六三巷四號三樓"},"geometry":{"type":"Point","coordinates":[121.459232771604,24.9926374915418]}},{"type":"Feature","properties":{"name":"聯發國際餐飲事業股份有限公司","city":"新北市","district":"蘆洲區","address":"新北市蘆洲區國道路2段26號4樓"},"geometry":{"type":"Point","coordinates":[121.474481367441,25.073734409976]}},{"type":"Feature","properties":{"name":"百原食品有限公司","city":"新北市","district":"五股區","address":"新北市五股區中興路1段61號、59號(1樓)"},"geometry":{"type":"Point","coordinates":[121.467881473457,25.0725515413332]}},{"type":"Feature","properties":{"name":"超人有限公司","city":"新北市","district":"中和區","address":"新北市中和區中板路15巷1號3樓"},"geometry":{"type":"Point","coordinates":[121.484332587907,25.011477848022]}},{"type":"Feature","properties":{"name":"柏泰食品興業股份有限公司","city":"新北市","district":"新店區","address":"新北市新店區中正路五四巷三十號五樓"},"geometry":{"type":"Point","coordinates":[121.545396666821,24.9705983798424]}},{"type":"Feature","properties":{"name":"大同茶業股份有限公司土城廠","city":"新北市","district":"土城區","address":"新北市土城區自強街二二號"},"geometry":{"type":"Point","coordinates":[121.432373279052,24.9714531176258]}},{"type":"Feature","properties":{"name":"鬍鬚張股份有限公司五股廠","city":"新北市","district":"五股區","address":"新北市五股區五工一路一０六號"},"geometry":{"type":"Point","coordinates":[121.457276827173,25.0698148559252]}},{"type":"Feature","properties":{"name":"佳糧股份有限公司","city":"新北市","district":"新莊區","address":"新北市新莊區五權二路二四號之一"},"geometry":{"type":"Point","coordinates":[121.458554146941,25.0677731586204]}},{"type":"Feature","properties":{"name":"愛欣食品有限公司","city":"新北市","district":"淡水區","address":"新北市淡水區八勢一街一號"},"geometry":{"type":"Point","coordinates":[121.459926053201,25.1561006677563]}},{"type":"Feature","properties":{"name":"群賀食品企業有限公司","city":"新北市","district":"中和區","address":"新北市中和區立德街二六巷五弄五號"},"geometry":{"type":"Point","coordinates":[121.489721193293,25.007265012289]}},{"type":"Feature","properties":{"name":"晉東食品工業有限公司","city":"新北市","district":"土城區","address":"新北市土城區中央路三段一二六巷三六弄一號"},"geometry":{"type":"Point","coordinates":[121.434424331856,24.9680894601765]}},{"type":"Feature","properties":{"name":"三益化工香料有限公司","city":"新北市","district":"中和區","address":"新北市中和區建三路五七號七樓"},"geometry":{"type":"Point","coordinates":[121.486175460768,25.0017925897923]}},{"type":"Feature","properties":{"name":"福亭食品工業有限公司","city":"新北市","district":"土城區","address":"新北市土城區亞洲路四二號"},"geometry":{"type":"Point","coordinates":[121.435714458702,24.9739312288275]}},{"type":"Feature","properties":{"name":"邱氏鼎食品企業股份有限公司土城廠","city":"新北市","district":"土城區","address":"新北市土城區自強街三一之二及之三號"},"geometry":{"type":"Point","coordinates":[121.429056834904,24.9693073613785]}},{"type":"Feature","properties":{"name":"味冠食品有限公司","city":"新北市","district":"土城區","address":"新北市土城區永豐路一九五巷七弄三號"},"geometry":{"type":"Point","coordinates":[121.471247111355,24.9790740295987]}},{"type":"Feature","properties":{"name":"源崑食品有限公司","city":"新北市","district":"新莊區","address":"新北市新莊區雙鳳路一０九號五樓"},"geometry":{"type":"Point","coordinates":[121.413932109086,25.0280732463412]}},{"type":"Feature","properties":{"name":"偉翔生技開發股份有限公司","city":"新北市","district":"三重區","address":"新北市三重區重新路5段609巷4號10樓"},"geometry":{"type":"Point","coordinates":[121.467742912813,25.0455421081523]}},{"type":"Feature","properties":{"name":"鴻福食品工廠有限公司板橋二廠","city":"新北市","district":"板橋區","address":"新北市板橋區金門街三六九巷六五號"},"geometry":{"type":"Point","coordinates":[121.429047921531,24.9837125693751]}},{"type":"Feature","properties":{"name":"魔術食品工業股份有限公司","city":"新北市","district":"樹林區","address":"新北市樹林區光興街六一號"},"geometry":{"type":"Point","coordinates":[121.410934986327,25.0027501374926]}},{"type":"Feature","properties":{"name":"真味行食品股份有限公司","city":"新北市","district":"三重區","address":"新北市三重區中興北街一００之五及之六號"},"geometry":{"type":"Point","coordinates":[121.469499898491,25.0467571837688]}},{"type":"Feature","properties":{"name":"禮莊食品企業有限公司","city":"新北市","district":"土城區","address":"新北市土城區承天路八巷一九號"},"geometry":{"type":"Point","coordinates":[121.436824974738,24.9630883496212]}},{"type":"Feature","properties":{"name":"百健產物有限公司","city":"新北市","district":"中和區","address":"新北市中和區中板路7之1號5樓"},"geometry":{"type":"Point","coordinates":[121.484765438373,25.0115600411268]}},{"type":"Feature","properties":{"name":"高印企業有限公司","city":"新北市","district":"樹林區","address":"新北市樹林區三俊街七四巷一一號"},"geometry":{"type":"Point","coordinates":[121.413673285428,25.0155374015609]}},{"type":"Feature","properties":{"name":"百正研化食品有限公司","city":"新北市","district":"中和區","address":"新北市中和區中板路7之2號5樓"},"geometry":{"type":"Point","coordinates":[121.484765438373,25.0115600411268]}},{"type":"Feature","properties":{"name":"億鄉有限公司","city":"新北市","district":"三重區","address":"新北市三重區中興北街一三六巷二二號"},"geometry":{"type":"Point","coordinates":[121.467848952624,25.0558688944467]}},{"type":"Feature","properties":{"name":"味都股份有限公司","city":"新北市","district":"新莊區","address":"新北市新莊區雙鳳路一０七號六樓"},"geometry":{"type":"Point","coordinates":[121.414099868865,25.0280632236291]}},{"type":"Feature","properties":{"name":"助福食品有限公司","city":"新北市","district":"樹林區","address":"新北市樹林區東豐街49巷10號"},"geometry":{"type":"Point","coordinates":[121.414878023888,24.9750518637618]}},{"type":"Feature","properties":{"name":"安佳隆美容事業股份有限公司新店二廠","city":"新北市","district":"新店區","address":"新北市新店區中正路五三八巷一０號五樓"},"geometry":{"type":"Point","coordinates":[121.534405316858,24.9841397271815]}},{"type":"Feature","properties":{"name":"益康企業股份有限公司五股廠","city":"新北市","district":"新莊區","address":"新北市新莊區五權一路七號七樓之一０"},"geometry":{"type":"Point","coordinates":[121.458340136229,25.0666439716743]}},{"type":"Feature","properties":{"name":"狀元香食品有限公司汐止廠","city":"新北市","district":"汐止區","address":"新北市汐止區大同路一段二八六巷一三號"},"geometry":{"type":"Point","coordinates":[121.635340250489,25.0570214455844]}},{"type":"Feature","properties":{"name":"洪牌食品股份有限公司︵樹林廠︶","city":"新北市","district":"樹林區","address":"新北市樹林區新興街一六號"},"geometry":{"type":"Point","coordinates":[121.400077947509,24.9736810246432]}},{"type":"Feature","properties":{"name":"常饌食品股份有限公司","city":"新北市","district":"中和區","address":"新北市中和區中正路八一六號"},"geometry":{"type":"Point","coordinates":[121.485010794662,25.0032253299088]}},{"type":"Feature","properties":{"name":"超比食品企業股份有限公司","city":"新北市","district":"汐止區","address":"新北市汐止區大同路一段三０二巷六號"},"geometry":{"type":"Point","coordinates":[121.635954983949,25.0576187798651]}},{"type":"Feature","properties":{"name":"鋒美食品實業有限公司","city":"新北市","district":"樹林區","address":"新北市樹林區東豐街四九巷二二弄二三號"},"geometry":{"type":"Point","coordinates":[121.414205936551,24.9746965427717]}},{"type":"Feature","properties":{"name":"嘉禾食品有限公司","city":"新北市","district":"三峽區","address":"新北市三峽區嘉添里嘉添181之22號"},"geometry":{"type":"Point","coordinates":[121.389886567333,24.9027693859639]}},{"type":"Feature","properties":{"name":"佳郁企業股份有限公司樹林廠","city":"新北市","district":"樹林區","address":"新北市樹林區東興街4巷8號"},"geometry":{"type":"Point","coordinates":[121.408821531059,24.9795402971339]}},{"type":"Feature","properties":{"name":"今點食品股份有限公司三重廠","city":"新北市","district":"三重區","address":"新北市三重區光復路一段九九巷九號"},"geometry":{"type":"Point","coordinates":[121.473012529868,25.05092041569]}},{"type":"Feature","properties":{"name":"鑫大盒餐實業有限公司","city":"新北市","district":"土城區","address":"新北市土城區永豐路二七０巷一九弄一號地下層"},"geometry":{"type":"Point","coordinates":[121.470357759429,24.9767597427699]}},{"type":"Feature","properties":{"name":"金寧食品有限公司","city":"新北市","district":"土城區","address":"新北市土城區自強街三之二號二樓"},"geometry":{"type":"Point","coordinates":[121.429056834904,24.9693073613785]}},{"type":"Feature","properties":{"name":"大丘店有限公司","city":"新北市","district":"汐止區","address":"新北市汐止區康寧街169巷27之1號4樓之3"},"geometry":{"type":"Point","coordinates":[121.622649888738,25.0687745755058]}},{"type":"Feature","properties":{"name":"勤記食品股份有限公司土城廠","city":"新北市","district":"土城區","address":"新北市土城區永豐路一九五巷二七弄二０、二二、二四號"},"geometry":{"type":"Point","coordinates":[121.472990789466,24.9800982565646]}},{"type":"Feature","properties":{"name":"御禮烘焙事業有限公司","city":"新北市","district":"汐止區","address":"新北市汐止區新臺五路一段七五號一三樓之五"},"geometry":{"type":"Point","coordinates":[121.645605146581,25.0611426197963]}},{"type":"Feature","properties":{"name":"永新興業有限公司","city":"新北市","district":"新莊區","address":"新北市新莊區思源路四二巷三號"},"geometry":{"type":"Point","coordinates":[121.460610130869,25.04365142403]}},{"type":"Feature","properties":{"name":"天水商行","city":"新北市","district":"鶯歌區","address":"新北市鶯歌區文化路五０一之二八號"},"geometry":{"type":"Point","coordinates":[121.35293819794,24.9487111937123]}},{"type":"Feature","properties":{"name":"味味美食有限公司","city":"新北市","district":"五股區","address":"新北市五股區中興路一段九五巷四弄三、五號"},"geometry":{"type":"Point","coordinates":[121.46619204337,25.0727258789133]}},{"type":"Feature","properties":{"name":"超有有限公司","city":"新北市","district":"三重區","address":"新北市三重區興德路一四一巷八、一０號"},"geometry":{"type":"Point","coordinates":[121.469524585183,25.0532306938273]}},{"type":"Feature","properties":{"name":"古早食品有限公司板橋廠","city":"新北市","district":"板橋區","address":"新北市板橋區國慶路七號二樓"},"geometry":{"type":"Point","coordinates":[121.457755087191,24.9955247520121]}},{"type":"Feature","properties":{"name":"弘繽企業有限公司","city":"新北市","district":"汐止區","address":"新北市汐止區康寧街169巷29號2樓之3"},"geometry":{"type":"Point","coordinates":[121.622640554421,25.0689173603446]}},{"type":"Feature","properties":{"name":"北香製麵廠股份有限公司","city":"新北市","district":"汐止區","address":"新北市汐止區康寧街169巷23之1號1樓"},"geometry":{"type":"Point","coordinates":[121.622717112213,25.0682123393567]}},{"type":"Feature","properties":{"name":"元記食品有限公司三重廠","city":"新北市","district":"三重區","address":"新北市三重區光復路1段30巷2號"},"geometry":{"type":"Point","coordinates":[121.471606901432,25.0472667259651]}},{"type":"Feature","properties":{"name":"唯力香食品有限公司","city":"新北市","district":"三峽區","address":"新北市三峽區嘉添181之32號(1、3號)"},"geometry":{"type":"Point","coordinates":[121.370029213256,24.9114035290122]}},{"type":"Feature","properties":{"name":"喬賀興業有限公司","city":"新北市","district":"中和區","address":"新北市中和區立德街一四八巷六號六樓"},"geometry":{"type":"Point","coordinates":[121.487318022185,25.008732401998]}},{"type":"Feature","properties":{"name":"佳香食品行","city":"新北市","district":"蘆洲區","address":"新北市蘆洲區中山一路95巷22弄6號"},"geometry":{"type":"Point","coordinates":[121.477260426559,25.080369081522]}},{"type":"Feature","properties":{"name":"財翰企業股份有限公司土城廠","city":"新北市","district":"土城區","address":"新北市土城區中央路三段一０號"},"geometry":{"type":"Point","coordinates":[121.438749472872,24.9695855344221]}},{"type":"Feature","properties":{"name":"隆昌食品有限公司","city":"新北市","district":"土城區","address":"新北市土城區中央路一段三六五巷一四號"},"geometry":{"type":"Point","coordinates":[121.444963301447,24.9803848810093]}},{"type":"Feature","properties":{"name":"果大行有限公司蘆洲廠","city":"新北市","district":"蘆洲區","address":"新北市蘆洲區和平路一一四巷一０號"},"geometry":{"type":"Point","coordinates":[121.468372907004,25.0800056358161]}},{"type":"Feature","properties":{"name":"義峰食品股份有限公司","city":"新北市","district":"土城區","address":"新北市土城區忠義路55巷54號"},"geometry":{"type":"Point","coordinates":[121.442926315165,24.9673639434144]}},{"type":"Feature","properties":{"name":"巃津企業有限公司","city":"新北市","district":"中和區","address":"新北市中和區中板路15巷6號"},"geometry":{"type":"Point","coordinates":[121.484156826559,25.0114449773337]}},{"type":"Feature","properties":{"name":"美又廉食品工業有限公司","city":"新北市","district":"三重區","address":"新北市三重區中興北街175巷18號"},"geometry":{"type":"Point","coordinates":[121.470597181183,25.0560826010842]}},{"type":"Feature","properties":{"name":"銘呈食品行","city":"新北市","district":"中和區","address":"新北市中和區橋安街一九號二樓"},"geometry":{"type":"Point","coordinates":[121.492563203825,25.0040901214855]}},{"type":"Feature","properties":{"name":"凱瑞生物科技股份有限公司","city":"新北市","district":"新莊區","address":"新北市新莊區化成路一四六號四樓、一二０號二樓"},"geometry":{"type":"Point","coordinates":[121.465487828669,25.0448852240006]}},{"type":"Feature","properties":{"name":"佶露有限公司","city":"新北市","district":"新莊區","address":"新北市新莊區化成路124號及124號2樓"},"geometry":{"type":"Point","coordinates":[121.465843819448,25.0447228702051]}},{"type":"Feature","properties":{"name":"爵信實業有限公司","city":"新北市","district":"三重區","address":"新北市三重區三重市重新路五段六三五之二號七樓"},"geometry":{"type":"Point","coordinates":[121.488363201,25.0608334167]}},{"type":"Feature","properties":{"name":"清芳實業股份有限公司汐止廠","city":"新北市","district":"汐止區","address":"新北市汐止區福德一路三五一巷一一弄一號三樓"},"geometry":{"type":"Point","coordinates":[121.629816141385,25.061187854009]}},{"type":"Feature","properties":{"name":"愛味香食品股份有限公司","city":"新北市","district":"鶯歌區","address":"新北市鶯歌區中正三路491巷7號"},"geometry":{"type":"Point","coordinates":[121.321046694672,24.9327925551467]}},{"type":"Feature","properties":{"name":"穀豐食品工業有限公司鶯歌廠","city":"新北市","district":"鶯歌區","address":"新北市鶯歌區中正三路491巷3號"},"geometry":{"type":"Point","coordinates":[121.320835279262,24.9330241590738]}},{"type":"Feature","properties":{"name":"佳美樂實業有限公司","city":"新北市","district":"樹林區","address":"新北市樹林區東大街166號及東順街91號"},"geometry":{"type":"Point","coordinates":[121.409382229438,24.975760967179]}},{"type":"Feature","properties":{"name":"香樂食品股份有限公司樹林廠","city":"新北市","district":"樹林區","address":"新北市樹林區大安路502號3樓之1、之4、之5"},"geometry":{"type":"Point","coordinates":[121.413943133156,24.9864165367008]}},{"type":"Feature","properties":{"name":"奇軒有限公司","city":"新北市","district":"新店區","address":"新北市新店區中正路五四三號二樓"},"geometry":{"type":"Point","coordinates":[121.533434941404,24.9870192129906]}},{"type":"Feature","properties":{"name":"綠生技股份有限公司","city":"新北市","district":"中和區","address":"新北市中和區立德街一００、一０二、一０六號四樓"},"geometry":{"type":"Point","coordinates":[121.486829012155,25.0083661438583]}},{"type":"Feature","properties":{"name":"十倍速食品科技行","city":"新北市","district":"新莊區","address":"新北市新莊區中正路六五九之二號四樓"},"geometry":{"type":"Point","coordinates":[121.427766658527,25.0303613951264]}},{"type":"Feature","properties":{"name":"裕益食品有限公司","city":"新北市","district":"新店區","address":"新北市新店區中正路五三八巷六號五樓"},"geometry":{"type":"Point","coordinates":[121.534276228312,24.9839849254632]}},{"type":"Feature","properties":{"name":"達美樂披薩股份有限公司台北廠","city":"新北市","district":"新莊區","address":"新北市新莊區中正路五四四號"},"geometry":{"type":"Point","coordinates":[121.430351066523,25.0315024979156]}},{"type":"Feature","properties":{"name":"金泰瑞實業有限公司","city":"新北市","district":"新店區","address":"新北市新店區中正路四維巷八弄五號五樓"},"geometry":{"type":"Point","coordinates":[121.534933477935,24.9850646484544]}},{"type":"Feature","properties":{"name":"華漢冷凍食品工業股份有限公司五股廠","city":"新北市","district":"五股區","address":"新北市五股區五工六路四七號"},"geometry":{"type":"Point","coordinates":[121.446103521105,25.0654062238125]}},{"type":"Feature","properties":{"name":"上品咖啡業股份有限公司","city":"新北市","district":"土城區","address":"新北市土城區大暖路一四八號"},"geometry":{"type":"Point","coordinates":[121.423822710156,24.9553206725499]}},{"type":"Feature","properties":{"name":"新連茂食品有限公司中和廠","city":"新北市","district":"中和區","address":"新北市中和區建六路六七巷三號"},"geometry":{"type":"Point","coordinates":[121.486668912936,25.0026282161239]}},{"type":"Feature","properties":{"name":"珍品軒食品有限公司","city":"新北市","district":"中和區","address":"新北市中和區立德街一一二號地下一樓"},"geometry":{"type":"Point","coordinates":[121.487277992596,25.008553381039]}},{"type":"Feature","properties":{"name":"宏遠國際餐飲股份有限公司五股廠","city":"新北市","district":"五股區","address":"新北市五股區五權路四九號"},"geometry":{"type":"Point","coordinates":[121.452758071787,25.0691087340453]}},{"type":"Feature","properties":{"name":"寶來發食品股份有限公司汐止廠","city":"新北市","district":"汐止區","address":"新北市汐止區福德一路三九二巷四二弄一七號"},"geometry":{"type":"Point","coordinates":[121.627611140074,25.0627174641564]}},{"type":"Feature","properties":{"name":"民品有限公司中和廠","city":"新北市","district":"中和區","address":"新北市中和區新民街一一二號五樓之九"},"geometry":{"type":"Point","coordinates":[121.480438214876,25.0083693886358]}},{"type":"Feature","properties":{"name":"富華股份有限公司汐止廠","city":"新北市","district":"汐止區","address":"新北市汐止區保新街一五０號一樓、二樓"},"geometry":{"type":"Point","coordinates":[121.688201892153,25.0687985650112]}},{"type":"Feature","properties":{"name":"柏諾食品股份有限公司","city":"新北市","district":"三重區","address":"新北市三重區光華路46號"},"geometry":{"type":"Point","coordinates":[121.467514673222,25.0599414104211]}},{"type":"Feature","properties":{"name":"陸仕企業股份有限公司台北廠","city":"新北市","district":"瑞芳區","address":"新北市瑞芳區頂坪路瑞芳工業區一二九號"},"geometry":{"type":"Point","coordinates":[121.793011714,25.102052644]}},{"type":"Feature","properties":{"name":"振芳股份有限公司五股廠","city":"新北市","district":"五股區","address":"新北市五股區五工六路22號"},"geometry":{"type":"Point","coordinates":[121.449473957102,25.0629894702759]}},{"type":"Feature","properties":{"name":"富信食品有限公司樹林廠","city":"新北市","district":"樹林區","address":"新北市樹林區東順街五七巷五號"},"geometry":{"type":"Point","coordinates":[121.411447187953,24.9772983529458]}},{"type":"Feature","properties":{"name":"豐茂生技有機食品股份有限公司","city":"新北市","district":"新莊區","address":"新北市新莊區五權三路四號之二"},"geometry":{"type":"Point","coordinates":[121.451382019329,25.0622211251367]}},{"type":"Feature","properties":{"name":"自然風生物科技有限公司食品廠","city":"新北市","district":"樹林區","address":"新北市樹林區柑園街二段一二二巷二號二樓"},"geometry":{"type":"Point","coordinates":[121.384356980733,24.9554338699094]}},{"type":"Feature","properties":{"name":"中日藥品股份有限公司瑞芳廠","city":"新北市","district":"瑞芳區","address":"新北市瑞芳區頂坪路瑞芳工業區二九號"},"geometry":{"type":"Point","coordinates":[121.793011714,25.102052644]}},{"type":"Feature","properties":{"name":"鴻順食品有限公司","city":"新北市","district":"八里區","address":"新北市八里區博物館路三一號二樓"},"geometry":{"type":"Point","coordinates":[121.41410682302,25.1627083455549]}},{"type":"Feature","properties":{"name":"薪味香食品股份有限公司","city":"新北市","district":"土城區","address":"新北市土城區永豐路一九五巷三五號"},"geometry":{"type":"Point","coordinates":[121.47527491263,24.9790827920254]}},{"type":"Feature","properties":{"name":"仁德國際股份有限公司","city":"新北市","district":"中和區","address":"新北市中和區中板路7之2號4樓"},"geometry":{"type":"Point","coordinates":[121.484765438373,25.0115600411268]}},{"type":"Feature","properties":{"name":"勤大食品有限公司","city":"新北市","district":"新莊區","address":"新北市新莊區福營路一六五巷四二號之一、四四號一樓"},"geometry":{"type":"Point","coordinates":[121.433074792115,25.0296238510441]}},{"type":"Feature","properties":{"name":"仕龍咖啡有限公司","city":"新北市","district":"中和區","address":"新北市中和區員山路四六六巷二一弄三一號"},"geometry":{"type":"Point","coordinates":[121.480828341583,25.0075668021827]}},{"type":"Feature","properties":{"name":"圓方達企業有限公司三重廠","city":"新北市","district":"三重區","address":"新北市三重區新北大道2段260號4樓之3"},"geometry":{"type":"Point","coordinates":[121.466037418282,25.061720693145]}},{"type":"Feature","properties":{"name":"富凰企業股份有限公司五股廠","city":"新北市","district":"新莊區","address":"新北市新莊區五權二路二０號之一"},"geometry":{"type":"Point","coordinates":[121.457251452853,25.0665577487926]}},{"type":"Feature","properties":{"name":"奇華股份有限公司五股廠","city":"新北市","district":"五股區","address":"新北市五股區中興路1段10號7樓、7樓之1、之2、之3、之5、之6"},"geometry":{"type":"Point","coordinates":[121.469372598268,25.0727985617605]}},{"type":"Feature","properties":{"name":"東阪國際股份有限公司","city":"新北市","district":"中和區","address":"新北市中和區立德街148巷28、38、40號7樓"},"geometry":{"type":"Point","coordinates":[121.486554141287,25.0091242614345]}},{"type":"Feature","properties":{"name":"青葉國際有限公司","city":"新北市","district":"八里區","address":"新北市八里區龍米路二段二三二巷七號"},"geometry":{"type":"Point","coordinates":[121.431773225538,25.1591832017324]}},{"type":"Feature","properties":{"name":"國義食品實業有限公司土城廠","city":"新北市","district":"土城區","address":"新北市土城區承天路八三之一二號"},"geometry":{"type":"Point","coordinates":[121.440585329672,24.9627341984799]}},{"type":"Feature","properties":{"name":"福和生鮮農產股份有限公司","city":"新北市","district":"中和區","address":"新北市中和區連城路194巷4號"},"geometry":{"type":"Point","coordinates":[121.491985170323,24.9974346375749]}},{"type":"Feature","properties":{"name":"葆祥實業有限公司","city":"新北市","district":"鶯歌區","address":"新北市鶯歌區中正三路491巷8號"},"geometry":{"type":"Point","coordinates":[121.320847957907,24.9327794392429]}},{"type":"Feature","properties":{"name":"健逢生物科技企業有限公司（食品廠）","city":"新北市","district":"鶯歌區","address":"新北市鶯歌區建國路596巷68、70號(食品廠區)1樓、2樓"},"geometry":{"type":"Point","coordinates":[121.340942734841,24.9517720391574]}},{"type":"Feature","properties":{"name":"太陽牧場食品製造廠","city":"新北市","district":"深坑區","address":"新北市深坑區北深路三段一五五巷二一號三樓"},"geometry":{"type":"Point","coordinates":[121.602167099096,25.0022636984932]}},{"type":"Feature","properties":{"name":"大玉成食品工業股份有限公司","city":"新北市","district":"淡水區","address":"新北市淡水區北新路二段五八號"},"geometry":{"type":"Point","coordinates":[121.478365668036,25.1855701836641]}},{"type":"Feature","properties":{"name":"嘉義食品工業股份有限公司","city":"新北市","district":"中和區","address":"新北市中和區中正路九０七號"},"geometry":{"type":"Point","coordinates":[121.483646208554,25.0062219203663]}},{"type":"Feature","properties":{"name":"羿品有限公司中和廠","city":"新北市","district":"中和區","address":"新北市中和區建一路五號九樓"},"geometry":{"type":"Point","coordinates":[121.488199547039,25.0038364912423]}},{"type":"Feature","properties":{"name":"堉敏股份有限公司三重廠","city":"新北市","district":"三重區","address":"新北市三重區光復路一段六八巷二四弄一一號一樓"},"geometry":{"type":"Point","coordinates":[121.47082319634,25.0479798597274]}},{"type":"Feature","properties":{"name":"四川土產股份有限公司鶯歌廠","city":"新北市","district":"鶯歌區","address":"新北市鶯歌區中正三路二三０巷一九之一號"},"geometry":{"type":"Point","coordinates":[121.328943353165,24.9407738586977]}},{"type":"Feature","properties":{"name":"軍順食品有限公司三重廠","city":"新北市","district":"三重區","address":"新北市三重區中正北路五三０巷一０號"},"geometry":{"type":"Point","coordinates":[121.47202283763,25.0704253629856]}},{"type":"Feature","properties":{"name":"帛泉企業有限公司","city":"新北市","district":"新店區","address":"新北市新店區中正路五三七號二樓"},"geometry":{"type":"Point","coordinates":[121.533422924795,24.986056602049]}},{"type":"Feature","properties":{"name":"壯元食品有限公司","city":"新北市","district":"五股區","address":"新北市五股區五工三路一一六巷一四號一樓"},"geometry":{"type":"Point","coordinates":[121.45608243483,25.0688969415124]}},{"type":"Feature","properties":{"name":"大得利家畜肉食品加工廠有限公司有效期限至中華民國102.6.24止","city":"新北市","district":"新莊區","address":"新北市新莊區環河路六九一號"},"geometry":{"type":"Point","coordinates":[121.465348676,25.0121683607]}},{"type":"Feature","properties":{"name":"立商德有限公司","city":"新北市","district":"中和區","address":"新北市中和區中山路二段三一五巷二號七樓"},"geometry":{"type":"Point","coordinates":[121.494031146736,25.0017768496598]}},{"type":"Feature","properties":{"name":"泰霖豆腐工廠有限公司","city":"新北市","district":"板橋區","address":"新北市板橋區松柏街七五號一樓"},"geometry":{"type":"Point","coordinates":[121.476420275879,25.030703696479]}},{"type":"Feature","properties":{"name":"華建食品企業有限公司","city":"新北市","district":"五股區","address":"新北市五股區五工三路一０七號三樓"},"geometry":{"type":"Point","coordinates":[121.456235648237,25.0669979455703]}},{"type":"Feature","properties":{"name":"英吉生物科技有限公司","city":"新北市","district":"三重區","address":"新北市三重區中正北路一九三巷二一弄一五號"},"geometry":{"type":"Point","coordinates":[121.47751990173,25.0706624051976]}},{"type":"Feature","properties":{"name":"宏騏烘焙食品行","city":"新北市","district":"中和區","address":"新北市中和區中正路七六六號"},"geometry":{"type":"Point","coordinates":[121.48531650184,24.9996412745907]}},{"type":"Feature","properties":{"name":"鏗達實業有限公司泰山廠","city":"新北市","district":"泰山區","address":"新北市泰山區泰林路二段二九二巷三號一樓"},"geometry":{"type":"Point","coordinates":[121.431188152361,25.0630784568155]}},{"type":"Feature","properties":{"name":"順華藥品工業股份有限公司食品廠","city":"新北市","district":"三峽區","address":"新北市三峽區二鬮路186號"},"geometry":{"type":"Point","coordinates":[121.358328293778,24.9064258314044]}},{"type":"Feature","properties":{"name":"上宏茂生物科技股份有限公司","city":"新北市","district":"三重區","address":"新北市三重區中興北街一五０巷二六號"},"geometry":{"type":"Point","coordinates":[121.467826401948,25.0564907452274]}},{"type":"Feature","properties":{"name":"統一超食代股份有限公司台北廠","city":"新北市","district":"土城區","address":"新北市土城區土城工業區中興路16號"},"geometry":{"type":"Point","coordinates":[121.425086957942,24.9665924936264]}},{"type":"Feature","properties":{"name":"永成蛋品股份有限公司林口廠","city":"新北市","district":"林口區","address":"新北市林口區工四路一二號"},"geometry":{"type":"Point","coordinates":[121.401523224137,25.0781139727925]}},{"type":"Feature","properties":{"name":"金醇食品有限公司","city":"新北市","district":"汐止區","address":"新北市汐止區福德一路407號1樓"},"geometry":{"type":"Point","coordinates":[121.627177152386,25.0602203883779]}},{"type":"Feature","properties":{"name":"輝勵食品廠","city":"新北市","district":"八里區","address":"新北市八里區埤頭里觀海大道二六八號"},"geometry":{"type":"Point","coordinates":[121.414998505269,25.1622938601017]}},{"type":"Feature","properties":{"name":"一豆實業有限公司","city":"新北市","district":"土城區","address":"新北市土城區永平街40號1樓"},"geometry":{"type":"Point","coordinates":[121.427691014909,24.9606990059275]}},{"type":"Feature","properties":{"name":"宗燁生物科技有限公司樹林廠","city":"新北市","district":"樹林區","address":"新北市樹林區大安路五二八號八樓"},"geometry":{"type":"Point","coordinates":[121.413662469266,24.9863408404416]}},{"type":"Feature","properties":{"name":"同源國際科化股份有限公司","city":"新北市","district":"新店區","address":"新北市新店區寶橋路154巷5號4樓、5號5樓及7號5樓"},"geometry":{"type":"Point","coordinates":[121.548833890854,24.976476157893]}},{"type":"Feature","properties":{"name":"超品召集令食品有限公司","city":"新北市","district":"三重區","address":"新北市三重區中興北街六０巷一、三號"},"geometry":{"type":"Point","coordinates":[121.46818769424,25.051934832815]}},{"type":"Feature","properties":{"name":"留乃堂食品有限公司汐止廠","city":"新北市","district":"汐止區","address":"新北市汐止區福德一路392巷22弄12號"},"geometry":{"type":"Point","coordinates":[121.627546302939,25.0618334546335]}},{"type":"Feature","properties":{"name":"溫師傅食品有限公司","city":"新北市","district":"中和區","address":"新北市中和區錦和路37號"},"geometry":{"type":"Point","coordinates":[121.486836172029,25.0018370088433]}},{"type":"Feature","properties":{"name":"三叔公食品股份有限公司土城廠","city":"新北市","district":"土城區","address":"新北市土城區國際路五五號一、二樓"},"geometry":{"type":"Point","coordinates":[121.46673662329,24.9779910599743]}},{"type":"Feature","properties":{"name":"波龍那食品有限公司中和廠","city":"新北市","district":"中和區","address":"新北市中和區中正路一二二０巷九號"},"geometry":{"type":"Point","coordinates":[121.479717546337,25.0114536716561]}},{"type":"Feature","properties":{"name":"喬麥屋企業有限公司","city":"新北市","district":"樹林區","address":"新北市樹林區東順街八０之二號一、二樓"},"geometry":{"type":"Point","coordinates":[121.409879882984,24.9774472331148]}},{"type":"Feature","properties":{"name":"祿元企業有限公司","city":"新北市","district":"新店區","address":"新北市新店區安豐路五四之一號五樓"},"geometry":{"type":"Point","coordinates":[121.499500786265,24.954355507129]}},{"type":"Feature","properties":{"name":"美吉食品有限公司","city":"新北市","district":"淡水區","address":"新北市淡水區民權路231號1樓"},"geometry":{"type":"Point","coordinates":[121.460915396682,25.1292190289364]}},{"type":"Feature","properties":{"name":"醄醴有限公司","city":"新北市","district":"新莊區","address":"新北市新莊區五權一路五號七樓之七"},"geometry":{"type":"Point","coordinates":[121.461387544953,25.0077520190311]}},{"type":"Feature","properties":{"name":"走遍天下食品有限公司","city":"新北市","district":"瑞芳區","address":"新北市瑞芳區頂坪路瑞芳工業區一三九號一樓"},"geometry":{"type":"Point","coordinates":[121.793011714,25.102052644]}},{"type":"Feature","properties":{"name":"全晟食品有限公司","city":"新北市","district":"樹林區","address":"新北市樹林區柑園街二段一二二巷一二號九樓"},"geometry":{"type":"Point","coordinates":[121.383856600098,24.9553343945741]}},{"type":"Feature","properties":{"name":"華邑食品工廠","city":"新北市","district":"樹林區","address":"新北市樹林區東興街二之四號一樓"},"geometry":{"type":"Point","coordinates":[121.409005298958,24.9798687235302]}},{"type":"Feature","properties":{"name":"樹森開發股份有限公司五股廠","city":"新北市","district":"五股區","address":"新北市五股區五工一路一０一號"},"geometry":{"type":"Point","coordinates":[121.457601223291,25.0695850302144]}},{"type":"Feature","properties":{"name":"亞美食品有限公司","city":"新北市","district":"土城區","address":"新北市土城區承天路七一巷四弄三號一樓及五號一樓"},"geometry":{"type":"Point","coordinates":[121.440732987958,24.963544020301]}},{"type":"Feature","properties":{"name":"寬大食品有限公司新店一廠","city":"新北市","district":"新店區","address":"新北市新店區民生路二九號"},"geometry":{"type":"Point","coordinates":[121.532763235445,24.9862333437772]}},{"type":"Feature","properties":{"name":"台灣第一家有限公司土城廠","city":"新北市","district":"土城區","address":"新北市土城區成功街二之一號"},"geometry":{"type":"Point","coordinates":[121.425703634758,24.9673782052113]}},{"type":"Feature","properties":{"name":"長庚生物科技股份有限公司明志廠","city":"新北市","district":"泰山區","address":"新北市泰山區南泰路一號"},"geometry":{"type":"Point","coordinates":[121.421373436748,25.0395001849478]}},{"type":"Feature","properties":{"name":"湘鄉食品有限公司","city":"新北市","district":"汐止區","address":"新北市汐止區福德一路四三０巷五號"},"geometry":{"type":"Point","coordinates":[121.626057274158,25.059970862055]}},{"type":"Feature","properties":{"name":"柏萊特國際股份有限公司","city":"新北市","district":"新店區","address":"新北市新店區中正路四九三號五樓"},"geometry":{"type":"Point","coordinates":[121.533616029209,24.9828263787429]}},{"type":"Feature","properties":{"name":"東爵企業有限公司樹林廠","city":"新北市","district":"樹林區","address":"新北市樹林區東順街107號"},"geometry":{"type":"Point","coordinates":[121.408345230239,24.9755846772881]}},{"type":"Feature","properties":{"name":"兆陽食品行","city":"新北市","district":"板橋區","address":"新北市板橋區信義路一六三巷九、一一號二樓"},"geometry":{"type":"Point","coordinates":[121.459741931219,24.9924758311108]}},{"type":"Feature","properties":{"name":"宣洋實業股份有限公司五股廠","city":"新北市","district":"五股區","address":"新北市五股區五權路四二之一號三樓"},"geometry":{"type":"Point","coordinates":[121.451488792707,25.0679579721693]}},{"type":"Feature","properties":{"name":"大安工研食品工廠股份有限公司淡水廠","city":"新北市","district":"淡水區","address":"新北市淡水區埤島里行忠路168號"},"geometry":{"type":"Point","coordinates":[121.455256568814,25.1998438261298]}},{"type":"Feature","properties":{"name":"安立司食品有限公司","city":"新北市","district":"樹林區","address":"新北市樹林區樹中街六三號一樓"},"geometry":{"type":"Point","coordinates":[121.421301657692,24.9852523499929]}},{"type":"Feature","properties":{"name":"品喀國際股份有限公司","city":"新北市","district":"中和區","address":"新北市中和區中正路七三六號五樓之二、之三、之四"},"geometry":{"type":"Point","coordinates":[121.485553381735,24.9978887207126]}},{"type":"Feature","properties":{"name":"韓寶國際企業有限公司","city":"新北市","district":"泰山區","address":"新北市泰山區新北大道6段401號2樓"},"geometry":{"type":"Point","coordinates":[121.421746579571,25.0320722260115]}},{"type":"Feature","properties":{"name":"中興豆沙行","city":"新北市","district":"三重區","address":"新北市三重區中正北路一九三巷三五弄四七號"},"geometry":{"type":"Point","coordinates":[121.477957247352,25.07121219452]}},{"type":"Feature","properties":{"name":"東穎食品實業有限公司","city":"新北市","district":"中和區","address":"新北市中和區立德街九八巷八二號"},"geometry":{"type":"Point","coordinates":[121.488671041084,25.008176170337]}},{"type":"Feature","properties":{"name":"郭泉發食品工廠第一廠","city":"新北市","district":"板橋區","address":"新北市板橋區雙十路二段一三０巷二弄八０號及八０號一樓之一"},"geometry":{"type":"Point","coordinates":[121.475673743071,25.0291141520149]}},{"type":"Feature","properties":{"name":"鑫格食品有限公司","city":"新北市","district":"中和區","address":"新北市中和區中山路二段三一五巷六號（一樓）"},"geometry":{"type":"Point","coordinates":[121.494166155488,25.0014539260533]}},{"type":"Feature","properties":{"name":"大佳麥有限公司","city":"新北市","district":"中和區","address":"新北市中和區中正路一二０六巷八號一樓"},"geometry":{"type":"Point","coordinates":[121.480332378169,25.0110371435602]}},{"type":"Feature","properties":{"name":"程美珍金食品有限公司","city":"新北市","district":"中和區","address":"新北市中和區中板路47巷23號及2樓"},"geometry":{"type":"Point","coordinates":[121.482175643788,25.0109235086792]}},{"type":"Feature","properties":{"name":"豐華食品股份有限公司","city":"新北市","district":"五股區","address":"新北市五股區五工二路一０六巷五號二樓"},"geometry":{"type":"Point","coordinates":[121.45790021858,25.0688622727137]}},{"type":"Feature","properties":{"name":"誠展食品有限公司","city":"新北市","district":"中和區","address":"新北市中和區建六路五三號一、二樓"},"geometry":{"type":"Point","coordinates":[121.48599381188,25.002258980968]}},{"type":"Feature","properties":{"name":"三得冠股份有限公司深坑廠","city":"新北市","district":"深坑區","address":"新北市深坑區北深路三段二六六號二樓"},"geometry":{"type":"Point","coordinates":[121.598736088894,25.0047892163593]}},{"type":"Feature","properties":{"name":"富一食品企業股份有限公司","city":"新北市","district":"五股區","address":"新北市五股區五權三路二四號一樓"},"geometry":{"type":"Point","coordinates":[121.453729865821,25.0647818740417]}},{"type":"Feature","properties":{"name":"弘燁實業股份有限公司","city":"新北市","district":"三重區","address":"新北市三重區光復路2段90號"},"geometry":{"type":"Point","coordinates":[121.471937082769,25.0576395977496]}},{"type":"Feature","properties":{"name":"登峰食品有限公司","city":"新北市","district":"淡水區","address":"新北市淡水區中正東路一段三巷三七號、四三號、四五號八樓"},"geometry":{"type":"Point","coordinates":[121.452205564199,25.1658694926605]}},{"type":"Feature","properties":{"name":"鼎耀食品股份有限公司新店廠","city":"新北市","district":"新店區","address":"新北市新店區寶橋路二三五巷一四號一樓"},"geometry":{"type":"Point","coordinates":[121.551496452283,24.9805939641696]}},{"type":"Feature","properties":{"name":"貴族世家企業股份有限公司土城廠","city":"新北市","district":"土城區","address":"新北市土城區沛陂里一六鄰中興路一七號（一、二、三樓）"},"geometry":{"type":"Point","coordinates":[121.425086957942,24.9665924936264]}},{"type":"Feature","properties":{"name":"祥立食品有限公司樹林廠","city":"新北市","district":"樹林區","address":"新北市樹林區三龍街九七號一樓"},"geometry":{"type":"Point","coordinates":[121.416811493265,25.0184200199351]}},{"type":"Feature","properties":{"name":"萬通食品廠股份有限公司汐止廠","city":"新北市","district":"汐止區","address":"新北市汐止區福德一路三四二巷二弄一號五樓之一、七號五樓"},"geometry":{"type":"Point","coordinates":[121.629430772921,25.0632544710102]}},{"type":"Feature","properties":{"name":"萊爾富國際股份有限公司五股廠","city":"新北市","district":"五股區","address":"新北市五股區五工六路15號1樓"},"geometry":{"type":"Point","coordinates":[121.449887740002,25.0621217944257]}},{"type":"Feature","properties":{"name":"名記豆腐有限公司新莊廠","city":"新北市","district":"新莊區","address":"新北市新莊區復興路三段五０號一、二樓"},"geometry":{"type":"Point","coordinates":[121.461764759134,25.0444391703463]}},{"type":"Feature","properties":{"name":"台新食品有限公司","city":"新北市","district":"土城區","address":"新北市土城區亞洲路五八巷三弄一二號"},"geometry":{"type":"Point","coordinates":[121.434597942879,24.973564009237]}},{"type":"Feature","properties":{"name":"一之軒食品有限公司新店廠","city":"新北市","district":"新店區","address":"新北市新店區復興路一一一號六樓"},"geometry":{"type":"Point","coordinates":[121.534171921103,24.9877777981783]}},{"type":"Feature","properties":{"name":"中生生技製藥股份有限公司淡水二廠","city":"新北市","district":"淡水區","address":"新北市淡水區埤島里行忠路70號"},"geometry":{"type":"Point","coordinates":[121.450441054226,25.1988420155815]}},{"type":"Feature","properties":{"name":"禾家宜有限公司","city":"新北市","district":"土城區","address":"新北市土城區永豐路一九五巷七弄一號一、二樓"},"geometry":{"type":"Point","coordinates":[121.471845048044,24.9788945414962]}},{"type":"Feature","properties":{"name":"范記天下素食有限公司","city":"新北市","district":"中和區","address":"新北市中和區立德街五二巷一七號一樓"},"geometry":{"type":"Point","coordinates":[121.488288523858,25.0082252019081]}},{"type":"Feature","properties":{"name":"日意實業有限公司","city":"新北市","district":"樹林區","address":"新北市樹林區新興街三七巷九號二、三樓"},"geometry":{"type":"Point","coordinates":[121.402018079106,24.9725690996035]}},{"type":"Feature","properties":{"name":"禾品企業有限公司","city":"新北市","district":"樹林區","address":"新北市樹林區備內街四五號"},"geometry":{"type":"Point","coordinates":[121.412349858393,24.9872640989862]}},{"type":"Feature","properties":{"name":"紅杉有限公司","city":"新北市","district":"新店區","address":"新北市新店區寶高路7巷4號1樓"},"geometry":{"type":"Point","coordinates":[121.551900415575,24.9780928665991]}},{"type":"Feature","properties":{"name":"嘉軒食品廠有限公司","city":"新北市","district":"土城區","address":"新北市土城區日新街三三巷七號一、三樓"},"geometry":{"type":"Point","coordinates":[121.443225223672,24.9873789979629]}},{"type":"Feature","properties":{"name":"素仚食品有限公司","city":"新北市","district":"樹林區","address":"新北市樹林區東豐街四九巷八弄二九號一樓"},"geometry":{"type":"Point","coordinates":[121.413866798052,24.975156165928]}},{"type":"Feature","properties":{"name":"強富食品股份有限公司","city":"新北市","district":"三重區","address":"新北市三重區光復路二段四二巷三九號五樓"},"geometry":{"type":"Point","coordinates":[121.469332297962,25.0546126231082]}},{"type":"Feature","properties":{"name":"祈光訊息能科技有限公司","city":"新北市","district":"土城區","address":"新北市土城區中央路3段76巷22號1樓"},"geometry":{"type":"Point","coordinates":[121.435907939478,24.9682080439555]}},{"type":"Feature","properties":{"name":"珍典食品有限公司","city":"新北市","district":"中和區","address":"新北市中和區中山路二段三八０巷三三號一樓"},"geometry":{"type":"Point","coordinates":[121.490741924582,25.0048676900973]}},{"type":"Feature","properties":{"name":"一德立食品有限公司","city":"新北市","district":"中和區","address":"新北市中和區中山路二段六０六號一樓"},"geometry":{"type":"Point","coordinates":[121.48177049209,25.0054205762914]}},{"type":"Feature","properties":{"name":"第一分道山葵店有限公司","city":"新北市","district":"中和區","address":"新北市中和區中板路18巷2弄16號"},"geometry":{"type":"Point","coordinates":[121.484473627631,25.0120148475911]}},{"type":"Feature","properties":{"name":"來來食品廠","city":"新北市","district":"汐止區","address":"新北市汐止區大安街五六巷三三弄七號一樓"},"geometry":{"type":"Point","coordinates":[121.678349334392,25.0741065938124]}},{"type":"Feature","properties":{"name":"沅德企業社","city":"新北市","district":"深坑區","address":"新北市深坑區萬福里北深路三段二七０巷一一號二樓"},"geometry":{"type":"Point","coordinates":[121.598769381554,25.0055380320132]}},{"type":"Feature","properties":{"name":"吉又祥食品有限公司","city":"新北市","district":"中和區","address":"新北市中和區錦和路二五號二、三樓"},"geometry":{"type":"Point","coordinates":[121.486407409065,25.0027843379102]}},{"type":"Feature","properties":{"name":"風城製麵有限公司一廠","city":"新北市","district":"新店區","address":"新北市新店區民權路一０八號地下一樓、一０八之一號地下一樓、一０八之三號地下一樓"},"geometry":{"type":"Point","coordinates":[121.535673851222,24.9829782495031]}},{"type":"Feature","properties":{"name":"尚冠冷凍食品有限公司瑞芳廠","city":"新北市","district":"瑞芳區","address":"新北市瑞芳區大埔路有勝二村二一號一樓"},"geometry":{"type":"Point","coordinates":[121.765629968845,25.1021137564082]}},{"type":"Feature","properties":{"name":"媽媽家食品企業有限公司新莊廠","city":"新北市","district":"新莊區","address":"新北市新莊區五權二路二０號七樓之三"},"geometry":{"type":"Point","coordinates":[121.457251452853,25.0665577487926]}},{"type":"Feature","properties":{"name":"大政素食國際有限公司","city":"新北市","district":"樹林區","address":"新北市樹林區東興街六巷一六、一八號一、二樓"},"geometry":{"type":"Point","coordinates":[121.408780030705,24.9788739709359]}},{"type":"Feature","properties":{"name":"味仙餐飲有限公司","city":"新北市","district":"泰山區","address":"新北市泰山區德安街一九號"},"geometry":{"type":"Point","coordinates":[121.418836396678,25.0314908580569]}},{"type":"Feature","properties":{"name":"財欣食品有限公司","city":"新北市","district":"汐止區","address":"新北市汐止區大同路一段三０二巷二０號一樓及夾層"},"geometry":{"type":"Point","coordinates":[121.636315722189,25.0571707592913]}},{"type":"Feature","properties":{"name":"驊珍食品有限公司","city":"新北市","district":"三重區","address":"新北市三重區重新路一段九九號"},"geometry":{"type":"Point","coordinates":[121.500766237864,25.0633940709739]}},{"type":"Feature","properties":{"name":"嘉展食品廠有限公司","city":"新北市","district":"新店區","address":"新北市新店區寶橋路二三五巷六弄一號一樓"},"geometry":{"type":"Point","coordinates":[121.552198374129,24.980498202253]}},{"type":"Feature","properties":{"name":"安堡食品有限公司","city":"新北市","district":"土城區","address":"新北市土城區中央路二段三九四巷八號一樓"},"geometry":{"type":"Point","coordinates":[121.438313563821,24.9716498409363]}},{"type":"Feature","properties":{"name":"新台統食品有限公司","city":"新北市","district":"三芝區","address":"新北市三芝區大片頭八三之一八號一樓"},"geometry":{"type":"Point","coordinates":[121.460108488965,25.2462641318809]}},{"type":"Feature","properties":{"name":"三商烘焙食品股份有限公司深坑廠","city":"新北市","district":"深坑區","address":"新北市深坑區北深路三段二七０巷一六號之三"},"geometry":{"type":"Point","coordinates":[121.59914549152,25.0059675012797]}},{"type":"Feature","properties":{"name":"元健觀音亭素食批發行","city":"新北市","district":"樹林區","address":"新北市樹林區中正路二三四巷一六號一樓"},"geometry":{"type":"Point","coordinates":[121.418676215923,25.0074971750384]}},{"type":"Feature","properties":{"name":"泓霖食品工業有限公司","city":"新北市","district":"土城區","address":"新北市土城區承天路71巷4弄21號"},"geometry":{"type":"Point","coordinates":[121.441589227825,24.9631853733627]}},{"type":"Feature","properties":{"name":"旭揚食品工業股份有限公司","city":"新北市","district":"中和區","address":"新北市中和區建一路九三巷一號五樓"},"geometry":{"type":"Point","coordinates":[121.488431850584,25.0022615729536]}},{"type":"Feature","properties":{"name":"美堤食品有限公司","city":"新北市","district":"汐止區","address":"新北市汐止區康寧街一六三號一、二、三樓"},"geometry":{"type":"Point","coordinates":[121.62246158681,25.0669761002892]}},{"type":"Feature","properties":{"name":"福商勝蛋品有限公司","city":"新北市","district":"新莊區","address":"新北市新莊區後港一路二０二號一樓"},"geometry":{"type":"Point","coordinates":[121.433258856753,25.0282892609896]}},{"type":"Feature","properties":{"name":"巧味多企業有限公司","city":"新北市","district":"中和區","address":"新北市中和區立德街一０七號六樓"},"geometry":{"type":"Point","coordinates":[121.485810394057,25.0086393949683]}},{"type":"Feature","properties":{"name":"集好佳興業有限公司（新店廠）","city":"新北市","district":"新店區","address":"新北市新店區寶橋路二三五巷一三號一樓"},"geometry":{"type":"Point","coordinates":[121.551062423418,24.980820107743]}},{"type":"Feature","properties":{"name":"青商有限公司樹林廠","city":"新北市","district":"樹林區","address":"新北市樹林區忠信街三號一樓"},"geometry":{"type":"Point","coordinates":[121.409016225366,25.0151372942186]}},{"type":"Feature","properties":{"name":"雪之戀食品有限公司","city":"新北市","district":"土城區","address":"新北市土城區國際路五五號三樓"},"geometry":{"type":"Point","coordinates":[121.46673662329,24.9779910599743]}},{"type":"Feature","properties":{"name":"竑品食品股份有限公司","city":"新北市","district":"三重區","address":"新北市三重區光復路一段八三巷九號一０樓"},"geometry":{"type":"Point","coordinates":[121.473211413866,25.0501327068319]}},{"type":"Feature","properties":{"name":"康禾興業股份有限公司","city":"新北市","district":"中和區","address":"新北市中和區中山路三段一一０號四樓之四"},"geometry":{"type":"Point","coordinates":[121.476737462567,25.0064572812206]}},{"type":"Feature","properties":{"name":"寶艦企業有限公司","city":"新北市","district":"汐止區","address":"新北市汐止區康寧街一六九巷二七之一號五樓之一、五樓之二"},"geometry":{"type":"Point","coordinates":[121.622649888738,25.0687745755058]}},{"type":"Feature","properties":{"name":"蜂蜜蜜蜂咖啡豆有限公司鶯歌廠","city":"新北市","district":"鶯歌區","address":"新北市鶯歌區二甲路二０之三號一樓"},"geometry":{"type":"Point","coordinates":[121.340865296154,24.9372868224548]}},{"type":"Feature","properties":{"name":"科捷生物科技股份有限公司汐止廠","city":"新北市","district":"汐止區","address":"新北市汐止區康寧街153號6樓"},"geometry":{"type":"Point","coordinates":[121.622376747905,25.0677898631472]}},{"type":"Feature","properties":{"name":"香華天股份有限公司興仁廠","city":"新北市","district":"淡水區","address":"新北市淡水區頂田寮路145號3樓"},"geometry":{"type":"Point","coordinates":[121.462022521447,25.2163993841776]}},{"type":"Feature","properties":{"name":"台灣景兆豐股份有限公司汐止廠","city":"新北市","district":"汐止區","address":"新北市汐止區大安街五六巷二四號一、二、三樓"},"geometry":{"type":"Point","coordinates":[121.678455467723,25.0735145446075]}},{"type":"Feature","properties":{"name":"元本食品行","city":"新北市","district":"樹林區","address":"新北市樹林區光明街一０號一樓"},"geometry":{"type":"Point","coordinates":[121.41103845325,24.9891701620776]}},{"type":"Feature","properties":{"name":"中原食品工業開發股份有限公司三峽二廠","city":"新北市","district":"三峽區","address":"新北市三峽區正義街一八號一樓"},"geometry":{"type":"Point","coordinates":[121.369231377924,24.9189263176148]}},{"type":"Feature","properties":{"name":"海津企業股份有限公司","city":"新北市","district":"汐止區","address":"新北市汐止區大同路一段三三七巷一六弄三九號"},"geometry":{"type":"Point","coordinates":[121.636904832525,25.0613344034244]}},{"type":"Feature","properties":{"name":"苦行生化科技有限公司員山廠","city":"新北市","district":"中和區","address":"新北市中和區員山路五０六號三樓"},"geometry":{"type":"Point","coordinates":[121.479409094701,25.0086271910019]}},{"type":"Feature","properties":{"name":"韓松貿易有限公司","city":"新北市","district":"五股區","address":"新北市五股區五權八路三九號一樓"},"geometry":{"type":"Point","coordinates":[121.448898347835,25.0693013956772]}},{"type":"Feature","properties":{"name":"睿森生物科技有限公司","city":"新北市","district":"三重區","address":"新北市三重區重新路五段639之1、639之2、639之3號5樓"},"geometry":{"type":"Point","coordinates":[121.466793306485,25.0434078483642]}},{"type":"Feature","properties":{"name":"明宜食品有限公司","city":"新北市","district":"樹林區","address":"新北市樹林區俊英街一一六巷九號"},"geometry":{"type":"Point","coordinates":[121.427798670158,25.0058818258657]}},{"type":"Feature","properties":{"name":"歐立食品股份有限公司三重廠","city":"新北市","district":"三重區","address":"新北市三重區光復路二段一六號一樓"},"geometry":{"type":"Point","coordinates":[121.471943728936,25.053966089935]}},{"type":"Feature","properties":{"name":"京工興業有限公司","city":"新北市","district":"中和區","address":"新北市中和區新民街九四巷一二號一樓"},"geometry":{"type":"Point","coordinates":[121.481359495665,25.0087353755027]}},{"type":"Feature","properties":{"name":"鄭家香食品有限公司","city":"新北市","district":"中和區","address":"新北市中和區立德街九八巷六四號一樓"},"geometry":{"type":"Point","coordinates":[121.488174510346,25.0085599936965]}},{"type":"Feature","properties":{"name":"成長事業有限公司","city":"新北市","district":"五股區","address":"新北市五股區工商路六０號一樓"},"geometry":{"type":"Point","coordinates":[121.439085719461,25.0843794492389]}},{"type":"Feature","properties":{"name":"逢興生物科技股份有限公司中和廠","city":"新北市","district":"中和區","address":"新北市中和區立德街一四八巷二六號四樓"},"geometry":{"type":"Point","coordinates":[121.486883765028,25.008955973018]}},{"type":"Feature","properties":{"name":"惟朵食品有限公司","city":"新北市","district":"汐止區","address":"新北市汐止區大同路一段三０二巷一八號一樓"},"geometry":{"type":"Point","coordinates":[121.636198192952,25.0573026321807]}},{"type":"Feature","properties":{"name":"上果食品有限公司","city":"新北市","district":"中和區","address":"新北市中和區建康路一七四號五樓"},"geometry":{"type":"Point","coordinates":[121.490532134982,24.9998069161537]}},{"type":"Feature","properties":{"name":"紅飛股份有限公司","city":"新北市","district":"新店區","address":"新北市新店區中正路四維巷二弄六號四樓"},"geometry":{"type":"Point","coordinates":[121.53440346158,24.9849232298532]}},{"type":"Feature","properties":{"name":"美食達人股份有限公司新莊廠","city":"新北市","district":"新莊區","address":"新北市新莊區五權三路12巷3號1樓及3樓"},"geometry":{"type":"Point","coordinates":[121.45296108783,25.0630284696731]}},{"type":"Feature","properties":{"name":"舒麥爾食品有限公司中和廠","city":"新北市","district":"中和區","address":"新北市中和區中板路18巷1弄19號1、2樓"},"geometry":{"type":"Point","coordinates":[121.483369348777,25.0125129034627]}},{"type":"Feature","properties":{"name":"伂橙股份有限公司","city":"新北市","district":"五股區","address":"新北市五股區五權六路26號(3、4、5樓)"},"geometry":{"type":"Point","coordinates":[121.451269398771,25.0657835549074]}},{"type":"Feature","properties":{"name":"得記食品有限公司新店廠","city":"新北市","district":"新店區","address":"新北市新店區中正路四維巷二弄一號四樓"},"geometry":{"type":"Point","coordinates":[121.534168975103,24.9852441600856]}},{"type":"Feature","properties":{"name":"大登食品有限公司新店廠","city":"新北市","district":"新店區","address":"新北市新店區寶橋路二三五巷六弄五號一樓"},"geometry":{"type":"Point","coordinates":[121.551916686264,24.9808002215576]}},{"type":"Feature","properties":{"name":"麗米檢驗科技有限公司中和廠","city":"新北市","district":"中和區","address":"新北市中和區建康路一五六號一樓"},"geometry":{"type":"Point","coordinates":[121.490337219166,25.0000046220036]}},{"type":"Feature","properties":{"name":"育啟食品有限公司土城廠","city":"新北市","district":"土城區","address":"新北市土城區中華路一段五六巷二五號一樓"},"geometry":{"type":"Point","coordinates":[121.444424810788,24.9895363972468]}},{"type":"Feature","properties":{"name":"核綠旺食品科技股份有限公司","city":"新北市","district":"中和區","address":"新北市中和區連城路二二二巷六弄八號一樓"},"geometry":{"type":"Point","coordinates":[121.491115298902,24.9978393600634]}},{"type":"Feature","properties":{"name":"太允國際股份有限公司","city":"新北市","district":"板橋區","address":"新北市板橋區信義路一六三巷九號四樓"},"geometry":{"type":"Point","coordinates":[121.459638834948,24.9925920013345]}},{"type":"Feature","properties":{"name":"直欣食品有限公司五股廠","city":"新北市","district":"五股區","address":"新北市五股區五權路一九號一樓"},"geometry":{"type":"Point","coordinates":[121.448997835342,25.0659783349377]}},{"type":"Feature","properties":{"name":"高格工業有限公司五股廠","city":"新北市","district":"新莊區","address":"新北市新莊區五權一路五號六樓之五"},"geometry":{"type":"Point","coordinates":[121.457934508101,25.0661722619781]}},{"type":"Feature","properties":{"name":"雅傳企業有限公司","city":"新北市","district":"樹林區","address":"新北市樹林區東豐街四九之一號"},"geometry":{"type":"Point","coordinates":[121.415107415692,24.9754858866872]}},{"type":"Feature","properties":{"name":"祥榮生物科技有限公司","city":"新北市","district":"土城區","address":"新北市土城區永豐路一九五巷二七弄三二號"},"geometry":{"type":"Point","coordinates":[121.472678666512,24.9803968990393]}},{"type":"Feature","properties":{"name":"板田實業有限公司","city":"新北市","district":"樹林區","address":"新北市樹林區備內街五二之二號"},"geometry":{"type":"Point","coordinates":[121.412107368153,24.9876350548378]}},{"type":"Feature","properties":{"name":"豆穌朋食品股份有限公司","city":"新北市","district":"新店區","address":"新北市新店區寶興路45巷6弄10號(1樓、2樓)"},"geometry":{"type":"Point","coordinates":[121.550956234361,24.9741173518641]}},{"type":"Feature","properties":{"name":"羽恩有限公司新莊廠","city":"新北市","district":"新莊區","address":"新北市新莊區五權一路三號八樓之六"},"geometry":{"type":"Point","coordinates":[121.457392108499,25.0655922866113]}},{"type":"Feature","properties":{"name":"正茂食品有限公司三重廠","city":"新北市","district":"三重區","address":"新北市三重區自強路四段一０號一樓"},"geometry":{"type":"Point","coordinates":[121.488378244498,25.0763055281332]}},{"type":"Feature","properties":{"name":"盛源食品原料股份有限公司","city":"新北市","district":"三峽區","address":"新北市三峽區溪東路86號1樓"},"geometry":{"type":"Point","coordinates":[121.402654444845,24.9341018668924]}},{"type":"Feature","properties":{"name":"益合國際股份有限公司","city":"新北市","district":"五股區","address":"新北市五股區五權路三九號地下一樓、一樓、二樓"},"geometry":{"type":"Point","coordinates":[121.45187467886,25.0689124265049]}},{"type":"Feature","properties":{"name":"統賀冷凍食品有限公司","city":"新北市","district":"三重區","address":"新北市三重區中正北路五三０巷一八號一樓"},"geometry":{"type":"Point","coordinates":[121.472033884338,25.0694755825779]}},{"type":"Feature","properties":{"name":"金龍億食品有限公司","city":"新北市","district":"中和區","address":"新北市中和區建八路一三一號（一樓）"},"geometry":{"type":"Point","coordinates":[121.489947822522,24.9986695462699]}},{"type":"Feature","properties":{"name":"威翰麵包工廠","city":"新北市","district":"汐止區","address":"新北市汐止區福德一路四三五號"},"geometry":{"type":"Point","coordinates":[121.626272198232,25.059407730263]}},{"type":"Feature","properties":{"name":"永兆豐股份有限公司三重廠","city":"新北市","district":"三重區","address":"新北市三重區中正北路193巷21弄39號"},"geometry":{"type":"Point","coordinates":[121.47858828239,25.0709097751866]}},{"type":"Feature","properties":{"name":"欣洲食品有限公司","city":"新北市","district":"三重區","address":"新北市三重區國道路1段67號1樓"},"geometry":{"type":"Point","coordinates":[121.480727786251,25.0727779715198]}},{"type":"Feature","properties":{"name":"唯一行食業股份有限公司五股廠","city":"新北市","district":"五股區","address":"新北市五股區五權三路二四號三之五樓"},"geometry":{"type":"Point","coordinates":[121.453729865821,25.0647818740417]}},{"type":"Feature","properties":{"name":"委鵬實業有限公司","city":"新北市","district":"土城區","address":"新北市土城區慶祥街七七號一樓"},"geometry":{"type":"Point","coordinates":[121.435289301979,24.9722591231518]}},{"type":"Feature","properties":{"name":"野村食品企業股份有限公司淡水廠","city":"新北市","district":"淡水區","address":"新北市淡水區下圭柔山七六之八號"},"geometry":{"type":"Point","coordinates":[121.442899116317,25.2054419355198]}},{"type":"Feature","properties":{"name":"品元實業股份有限公司仁愛廠","city":"新北市","district":"八里區","address":"新北市八里區仁愛路122號1樓"},"geometry":{"type":"Point","coordinates":[121.410059960943,25.1590263331448]}},{"type":"Feature","properties":{"name":"萬得富實業股份有限公司","city":"新北市","district":"土城區","address":"新北市土城區亞洲路108巷12號"},"geometry":{"type":"Point","coordinates":[121.433794195108,24.9727100692003]}},{"type":"Feature","properties":{"name":"韋樺有限公司深坑廠","city":"新北市","district":"深坑區","address":"新北市深坑區北深路三段一五五巷一七號八樓"},"geometry":{"type":"Point","coordinates":[121.602315518827,25.002470492098]}},{"type":"Feature","properties":{"name":"遠冠股份有限公司中和廠","city":"新北市","district":"中和區","address":"新北市中和區連城路２２２巷２弄２號１、２樓"},"geometry":{"type":"Point","coordinates":[121.491340063461,24.997016903587]}},{"type":"Feature","properties":{"name":"吳記蛋品有限公司","city":"新北市","district":"三峽區","address":"新北市三峽區隆恩街一六三號一、二樓"},"geometry":{"type":"Point","coordinates":[121.362473072857,24.9426862286746]}},{"type":"Feature","properties":{"name":"禾膳食號","city":"新北市","district":"板橋區","address":"新北市板橋區和平路24巷12號1樓"},"geometry":{"type":"Point","coordinates":[121.460511104607,24.9938601022465]}},{"type":"Feature","properties":{"name":"鴻皓國際有限公司八里廠","city":"新北市","district":"八里區","address":"新北市八里區忠孝路170號2樓"},"geometry":{"type":"Point","coordinates":[121.423435198207,25.1609187981844]}},{"type":"Feature","properties":{"name":"皇登企業有限公司","city":"新北市","district":"汐止區","address":"新北市汐止區大安街五二巷一三號"},"geometry":{"type":"Point","coordinates":[121.6784474734,25.0731320327271]}},{"type":"Feature","properties":{"name":"糖坊食品有限公司","city":"新北市","district":"新店區","address":"新北市新店區中正路五０一之一二號五樓"},"geometry":{"type":"Point","coordinates":[121.533580130016,24.9836171702068]}},{"type":"Feature","properties":{"name":"萬灃國際有限公司深坑廠","city":"新北市","district":"深坑區","address":"新北市深坑區北深路三段一五五巷七號八樓"},"geometry":{"type":"Point","coordinates":[121.602612252541,25.0028453451008]}},{"type":"Feature","properties":{"name":"貝克利有限公司","city":"新北市","district":"五股區","address":"新北市五股區五工五路二四號一樓"},"geometry":{"type":"Point","coordinates":[121.45209909867,25.0647891959706]}},{"type":"Feature","properties":{"name":"台灣司麥爾食品股份有限公司","city":"新北市","district":"五股區","address":"新北市五股區五工六路七六號"},"geometry":{"type":"Point","coordinates":[121.448696815836,25.0699984109238]}},{"type":"Feature","properties":{"name":"鮮到味有限公司","city":"新北市","district":"三重區","address":"新北市三重區中興北街四二號一、二樓及四二巷九號"},"geometry":{"type":"Point","coordinates":[121.469073706,25.0616128213]}},{"type":"Feature","properties":{"name":"金吉王食品股份有限公司五股廠","city":"新北市","district":"五股區","address":"新北市五股區五工六路五一號二樓"},"geometry":{"type":"Point","coordinates":[121.446022752393,25.0667854652825]}},{"type":"Feature","properties":{"name":"如頤有限公司","city":"新北市","district":"中和區","address":"新北市中和區建八路一二三號一樓"},"geometry":{"type":"Point","coordinates":[121.489663529113,24.998751390045]}},{"type":"Feature","properties":{"name":"明津食品有限公司","city":"新北市","district":"三重區","address":"新北市三重區中興北街104巷19號1樓"},"geometry":{"type":"Point","coordinates":[121.468132516751,25.0544382729328]}},{"type":"Feature","properties":{"name":"豐強食品有限公司","city":"新北市","district":"樹林區","address":"新北市樹林區俊英街一三二號二樓"},"geometry":{"type":"Point","coordinates":[121.427233997427,25.0059276914911]}},{"type":"Feature","properties":{"name":"紘一實業有限公司三重廠","city":"新北市","district":"三重區","address":"新北市三重區光復路2段42巷15號1、2、3樓"},"geometry":{"type":"Point","coordinates":[121.470936929611,25.0549178195698]}},{"type":"Feature","properties":{"name":"紅象食品有限公司","city":"新北市","district":"板橋區","address":"新北市板橋區信義路一六三巷四號一樓"},"geometry":{"type":"Point","coordinates":[121.459232771604,24.9926374915418]}},{"type":"Feature","properties":{"name":"大亞新紀企業有限公司泰山廠","city":"新北市","district":"泰山區","address":"新北市泰山區明志路三段五一三號一０樓"},"geometry":{"type":"Point","coordinates":[121.421164404379,25.0320308985844]}},{"type":"Feature","properties":{"name":"陞邦食品技術開發有限公司","city":"新北市","district":"汐止區","address":"新北市汐止區中興路一八三巷四號四樓"},"geometry":{"type":"Point","coordinates":[121.628255022898,25.0658578561196]}},{"type":"Feature","properties":{"name":"麗多國際生技股份有限公司","city":"新北市","district":"新店區","address":"新北市新店區中正路五０一之一一號三樓"},"geometry":{"type":"Point","coordinates":[121.533580130016,24.9836171702068]}},{"type":"Feature","properties":{"name":"名佳香食品行","city":"新北市","district":"土城區","address":"新北市土城區亞洲路一一巷一弄三一號一樓"},"geometry":{"type":"Point","coordinates":[121.435936923763,24.9719764498021]}},{"type":"Feature","properties":{"name":"尚頂好食品廠新店廠","city":"新北市","district":"新店區","address":"新北市新店區寶興路四五巷八弄一六號一樓"},"geometry":{"type":"Point","coordinates":[121.55082517292,24.9746982859767]}},{"type":"Feature","properties":{"name":"長合發商行","city":"新北市","district":"三重區","address":"新北市三重區中興北街四二巷一八號（一、二樓）"},"geometry":{"type":"Point","coordinates":[121.469074880939,25.0491777895808]}},{"type":"Feature","properties":{"name":"新閎食品股份有限公司","city":"新北市","district":"三峽區","address":"新北市三峽區橫溪路九五號"},"geometry":{"type":"Point","coordinates":[121.398649599822,24.9354791100107]}},{"type":"Feature","properties":{"name":"欣威西點麵包工廠","city":"新北市","district":"三重區","address":"新北市三重區新北大道2段76號1、2樓"},"geometry":{"type":"Point","coordinates":[121.47046575149,25.0616699747332]}},{"type":"Feature","properties":{"name":"海樂國際有限公司五股廠","city":"新北市","district":"五股區","address":"新北市五股區五權三路一五號"},"geometry":{"type":"Point","coordinates":[121.452192936916,25.06367066919]}},{"type":"Feature","properties":{"name":"通記食品有限公司","city":"新北市","district":"新莊區","address":"新北市新莊區化成路五五四巷二號一、二樓"},"geometry":{"type":"Point","coordinates":[121.466617449099,25.0538342840409]}},{"type":"Feature","properties":{"name":"阿多瑪生化科技有限公司一廠","city":"新北市","district":"淡水區","address":"新北市淡水區中正東路一段三巷三一號六樓"},"geometry":{"type":"Point","coordinates":[121.451921487742,25.1656018801727]}},{"type":"Feature","properties":{"name":"廣晟食品股份有限公司","city":"新北市","district":"泰山區","address":"新北市泰山區泰林路二段306巷7號1、2、3樓"},"geometry":{"type":"Point","coordinates":[121.430915193118,25.0633885831893]}},{"type":"Feature","properties":{"name":"尚鱻食品有限公司","city":"新北市","district":"三重區","address":"新北市三重區中興北街二四七巷一六號一樓"},"geometry":{"type":"Point","coordinates":[121.469881663866,25.0593449483293]}},{"type":"Feature","properties":{"name":"府城事業有限公司","city":"新北市","district":"樹林區","address":"新北市樹林區三俊街八一巷二一、二三號一、二樓"},"geometry":{"type":"Point","coordinates":[121.415673983363,25.0164394254032]}},{"type":"Feature","properties":{"name":"三協成食品有限公司","city":"新北市","district":"淡水區","address":"新北市淡水區奎柔山路256號1、2樓"},"geometry":{"type":"Point","coordinates":[121.456392495652,25.2050858914748]}},{"type":"Feature","properties":{"name":"藍海國際餐飲股份有限公司五股廠","city":"新北市","district":"五股區","address":"新北市五股區五工六路24號（1、2、3、4樓）"},"geometry":{"type":"Point","coordinates":[121.449196039846,25.0633620350893]}},{"type":"Feature","properties":{"name":"兩班家有限公司汐止廠","city":"新北市","district":"汐止區","address":"新北市汐止區福德一路三九二巷二二弄二八、三０號一、二樓"},"geometry":{"type":"Point","coordinates":[121.628103299088,25.0616117874409]}},{"type":"Feature","properties":{"name":"甲品香食品有限公司","city":"新北市","district":"樹林區","address":"新北市樹林區鎮前街二六九巷二一號一樓"},"geometry":{"type":"Point","coordinates":[121.419803654218,24.9851671948496]}},{"type":"Feature","properties":{"name":"四季齋食品有限公司樹林廠","city":"新北市","district":"樹林區","address":"新北市樹林區中山路二段一五一巷一四弄二三號"},"geometry":{"type":"Point","coordinates":[121.406984314043,24.9769261607333]}},{"type":"Feature","properties":{"name":"簪香食品有限公司","city":"新北市","district":"新店區","address":"新北市新店區寶橋路二三五巷六弄三號二樓"},"geometry":{"type":"Point","coordinates":[121.552120138303,24.9805844854618]}},{"type":"Feature","properties":{"name":"青海生物科技股份有限公司","city":"新北市","district":"新莊區","address":"新北市新莊區五權一路五號之七(一樓)"},"geometry":{"type":"Point","coordinates":[121.457934508101,25.0661722619781]}},{"type":"Feature","properties":{"name":"施百得利食品有限公司","city":"新北市","district":"樹林區","address":"新北市樹林區大安路五四八號九樓"},"geometry":{"type":"Point","coordinates":[121.413237091083,24.9853315734904]}},{"type":"Feature","properties":{"name":"維昌食品有限公司土城廠","city":"新北市","district":"土城區","address":"新北市土城區永豐路一九五巷二七弄一六號三樓"},"geometry":{"type":"Point","coordinates":[121.473296822744,24.9801431560976]}},{"type":"Feature","properties":{"name":"銀杏生物科技有限公司中和廠","city":"新北市","district":"中和區","address":"新北市中和區建一路三號四樓"},"geometry":{"type":"Point","coordinates":[121.488202640412,25.0039559165012]}},{"type":"Feature","properties":{"name":"元宜州食品有限公司","city":"新北市","district":"三重區","address":"新北市三重區光華路五二號一樓"},"geometry":{"type":"Point","coordinates":[121.467794504414,25.0597331994175]}},{"type":"Feature","properties":{"name":"小潘蛋糕坊","city":"新北市","district":"板橋區","address":"新北市板橋區信義路163巷4號9樓"},"geometry":{"type":"Point","coordinates":[121.459232771604,24.9926374915418]}},{"type":"Feature","properties":{"name":"大新食品有限公司","city":"新北市","district":"土城區","address":"新北市土城區中山路51號"},"geometry":{"type":"Point","coordinates":[121.427775143938,24.9657607495245]}},{"type":"Feature","properties":{"name":"松村實業有限公司","city":"新北市","district":"新莊區","address":"新北市新莊區民安路420巷1號之8"},"geometry":{"type":"Point","coordinates":[121.431860050893,25.0221574215061]}},{"type":"Feature","properties":{"name":"滿盈食品有限公司五股廠","city":"新北市","district":"五股區","address":"新北市五股區五工二路106巷7號1樓"},"geometry":{"type":"Point","coordinates":[121.458140329748,25.068946133587]}},{"type":"Feature","properties":{"name":"威斯登食品有限公司","city":"新北市","district":"新莊區","address":"新北市新莊區新樹路501號之1(1、3、4樓)"},"geometry":{"type":"Point","coordinates":[121.432797389093,25.0115462236322]}},{"type":"Feature","properties":{"name":"金軒揚食品有限公司","city":"新北市","district":"中和區","address":"新北市中和區錦和路30號(1、2樓)"},"geometry":{"type":"Point","coordinates":[121.486840820285,25.001338245028]}},{"type":"Feature","properties":{"name":"承恩食品企業股份有限公司","city":"新北市","district":"中和區","address":"新北市中和區橋安街1號2樓"},"geometry":{"type":"Point","coordinates":[121.492666786277,25.0031151883147]}},{"type":"Feature","properties":{"name":"耕耘川有限公司","city":"新北市","district":"新莊區","address":"新北市新莊區化成路314巷26號1樓"},"geometry":{"type":"Point","coordinates":[121.467136884965,25.048627906456]}},{"type":"Feature","properties":{"name":"小南門食品有限公司","city":"新北市","district":"中和區","address":"新北市中和區中山路2段340巷35號1、2、3樓"},"geometry":{"type":"Point","coordinates":[121.493245454339,25.0036172848886]}},{"type":"Feature","properties":{"name":"盛蒼企業有限公司","city":"新北市","district":"中和區","address":"新北市中和區中山路3段120之10號9樓"},"geometry":{"type":"Point","coordinates":[121.475694014504,25.0060532505466]}},{"type":"Feature","properties":{"name":"仲輝食品有限公司","city":"新北市","district":"三重區","address":"新北市三重區中正北路315巷6弄35號"},"geometry":{"type":"Point","coordinates":[121.475927160474,25.0720318094413]}},{"type":"Feature","properties":{"name":"晶盈食品有限公司","city":"新北市","district":"汐止區","address":"新北市汐止區福德一路381巷10號1樓"},"geometry":{"type":"Point","coordinates":[121.628270269807,25.0604154853831]}},{"type":"Feature","properties":{"name":"弘泉食品行","city":"新北市","district":"三重區","address":"新北市三重區重新路2段36巷14號1樓"},"geometry":{"type":"Point","coordinates":[121.499702504732,25.0624333025556]}},{"type":"Feature","properties":{"name":"新山食品股份有限公司","city":"新北市","district":"汐止區","address":"新北市汐止區福德一路430巷27號5樓"},"geometry":{"type":"Point","coordinates":[121.624971620653,25.0601498721219]}},{"type":"Feature","properties":{"name":"建鹽企業有限公司","city":"新北市","district":"八里區","address":"新北市八里區博物館路199號3樓"},"geometry":{"type":"Point","coordinates":[121.405482186588,25.1562094794804]}},{"type":"Feature","properties":{"name":"王記府城肉粽有限公司汐止廠","city":"新北市","district":"汐止區","address":"新北市汐止區大同路3段369巷36號1樓"},"geometry":{"type":"Point","coordinates":[121.676275865054,25.0738494357271]}},{"type":"Feature","properties":{"name":"逢興生物科技股份有限公司二廠","city":"新北市","district":"中和區","address":"新北市中和區立德街148巷58號4樓"},"geometry":{"type":"Point","coordinates":[121.486211417743,25.0092949808061]}},{"type":"Feature","properties":{"name":"美力香食品股份有限公司","city":"新北市","district":"土城區","address":"新北市土城區復興街5號1樓、2樓"},"geometry":{"type":"Point","coordinates":[121.426483789234,24.9679472613316]}},{"type":"Feature","properties":{"name":"新力香食品有限公司二廠","city":"新北市","district":"三峽區","address":"新北市三峽區介壽路一段318巷17號1樓"},"geometry":{"type":"Point","coordinates":[121.381148614433,24.9293251684231]}},{"type":"Feature","properties":{"name":"唯意食品企業有限公司","city":"新北市","district":"三芝區","address":"新北市三芝區古庄里四棧橋53之10號1樓"},"geometry":{"type":"Point","coordinates":[121.484222628067,25.2653920309631]}},{"type":"Feature","properties":{"name":"清香號沙茶食品有限公司","city":"新北市","district":"新莊區","address":"新北市新莊區福營路97巷13號1樓"},"geometry":{"type":"Point","coordinates":[121.434928549125,25.0319020433809]}},{"type":"Feature","properties":{"name":"台光食品行","city":"新北市","district":"三重區","address":"新北市三重區仁華街78號1樓及1樓夾層"},"geometry":{"type":"Point","coordinates":[121.484723134187,25.0830392678855]}},{"type":"Feature","properties":{"name":"風華食品有限公司","city":"新北市","district":"新莊區","address":"新北市新莊區新樹路69之96號1樓"},"geometry":{"type":"Point","coordinates":[121.437847857765,25.0277352770987]}},{"type":"Feature","properties":{"name":"甘泉生物科技有限公司","city":"新北市","district":"新店區","address":"新北市新店區中正路560巷2號3、4樓"},"geometry":{"type":"Point","coordinates":[121.534061966759,24.9871674488188]}},{"type":"Feature","properties":{"name":"燕莊實業有限公司","city":"新北市","district":"中和區","address":"新北市中和區員山路504號4樓之5"},"geometry":{"type":"Point","coordinates":[121.479553827928,25.0080964332759]}},{"type":"Feature","properties":{"name":"宏遠國際餐飲股份有限公司五股二廠","city":"新北市","district":"五股區","address":"新北市五股區五權路54號"},"geometry":{"type":"Point","coordinates":[121.454123230838,25.0690712476178]}},{"type":"Feature","properties":{"name":"三義食品工廠","city":"新北市","district":"樹林區","address":"新北市樹林區三俊街199巷12弄7號1、2樓"},"geometry":{"type":"Point","coordinates":[121.420649825985,25.0164281405517]}},{"type":"Feature","properties":{"name":"薩摩亞商客來喜餐飲股份有限公司台灣分公司","city":"新北市","district":"新店區","address":"新北市新店區復興路45號4樓、5樓、6樓"},"geometry":{"type":"Point","coordinates":[121.536760109422,24.9868894377205]}},{"type":"Feature","properties":{"name":"王德興茶業股份有限公司","city":"新北市","district":"中和區","address":"新北市中和區橋和路56號6樓"},"geometry":{"type":"Point","coordinates":[121.489426894644,25.0050774507259]}},{"type":"Feature","properties":{"name":"卡羅國際企業股份有限公司","city":"新北市","district":"汐止區","address":"新北市汐止區康寧街157、159、161號7樓"},"geometry":{"type":"Point","coordinates":[121.622299169808,25.0671606080482]}},{"type":"Feature","properties":{"name":"吉翔食品有限公司","city":"新北市","district":"中和區","address":"新北市中和區員山路506巷17號1、2樓"},"geometry":{"type":"Point","coordinates":[121.480503975142,25.009087066212]}},{"type":"Feature","properties":{"name":"雅傳企業有限公司樹林廠","city":"新北市","district":"樹林區","address":"新北市樹林區太平路8號1樓"},"geometry":{"type":"Point","coordinates":[121.418405700605,24.9847566048397]}},{"type":"Feature","properties":{"name":"醇味食品有限公司","city":"新北市","district":"瑞芳區","address":"新北市瑞芳區大寮路114之1號"},"geometry":{"type":"Point","coordinates":[121.780442011143,25.0980540417591]}},{"type":"Feature","properties":{"name":"生發號農產有限公司","city":"新北市","district":"淡水區","address":"新北市淡水區北投子77之1號1樓"},"geometry":{"type":"Point","coordinates":[121.458321333619,25.1792268500057]}},{"type":"Feature","properties":{"name":"豪仕達食品企業有限公司","city":"新北市","district":"三重區","address":"新北市三重區光復路2段88巷41號1樓"},"geometry":{"type":"Point","coordinates":[121.469906830024,25.0574160018429]}},{"type":"Feature","properties":{"name":"陽銘有限公司淡水廠","city":"新北市","district":"淡水區","address":"新北市淡水區口湖子1之8號1樓"},"geometry":{"type":"Point","coordinates":[121.476298662415,25.1885650322112]}},{"type":"Feature","properties":{"name":"澎富企業有限公司","city":"新北市","district":"中和區","address":"新北市中和區員山路506-1號3樓"},"geometry":{"type":"Point","coordinates":[121.479409094701,25.0086271910019]}},{"type":"Feature","properties":{"name":"日鴻食品有限公司","city":"新北市","district":"板橋區","address":"新北市板橋區和平路15號2樓"},"geometry":{"type":"Point","coordinates":[121.459859579901,24.9946048891347]}},{"type":"Feature","properties":{"name":"紘裕食品股份有限公司","city":"新北市","district":"三峽區","address":"新北市三峽區介壽路1段276巷5號1樓"},"geometry":{"type":"Point","coordinates":[121.380408847315,24.9281461274391]}},{"type":"Feature","properties":{"name":"派特芙德有限公司","city":"新北市","district":"新店區","address":"新北市新店區寶橋路154巷5號2樓"},"geometry":{"type":"Point","coordinates":[121.548833890854,24.976476157893]}},{"type":"Feature","properties":{"name":"維格餅家股份有限公司","city":"新北市","district":"五股區","address":"新北市五股區成泰路1段87號(2、3樓)及87之1號(4、5樓)"},"geometry":{"type":"Point","coordinates":[121.43501853827,25.0687918552203]}},{"type":"Feature","properties":{"name":"英屬蓋曼群島商花蓮香股份有限公司台灣分公司新店廠","city":"新北市","district":"新店區","address":"新北市新店區寶中路95之3號3樓"},"geometry":{"type":"Point","coordinates":[121.548716054529,24.9807564093347]}},{"type":"Feature","properties":{"name":"奕瑪國際行銷股份有限公司","city":"新北市","district":"新莊區","address":"新北市新莊區五權一路9號7樓之3"},"geometry":{"type":"Point","coordinates":[121.458914189966,25.0672704279176]}},{"type":"Feature","properties":{"name":"顓陽實業有限公司","city":"新北市","district":"新莊區","address":"新北市新莊區中正路566號1、2樓"},"geometry":{"type":"Point","coordinates":[121.427697515238,25.0306198528083]}},{"type":"Feature","properties":{"name":"東崎健康生技有限公司","city":"新北市","district":"中和區","address":"新北市中和區立德街148巷10號7樓"},"geometry":{"type":"Point","coordinates":[121.487202920909,25.0087924967753]}},{"type":"Feature","properties":{"name":"邰港科技股份有限公司(淡水一廠)","city":"新北市","district":"淡水區","address":"新北市淡水區中正東路1段3巷39號10樓"},"geometry":{"type":"Point","coordinates":[121.452113524465,25.1660280498639]}},{"type":"Feature","properties":{"name":"史瑞克商行","city":"新北市","district":"泰山區","address":"新北市泰山區明志路3段513號2樓"},"geometry":{"type":"Point","coordinates":[121.421164404379,25.0320308985844]}},{"type":"Feature","properties":{"name":"重門製茶工廠","city":"新北市","district":"石門區","address":"新北市石門區石門里內石門79號"},"geometry":{"type":"Point","coordinates":[121.566251919029,25.260008737736]}},{"type":"Feature","properties":{"name":"傳統集美餐飲有限公司","city":"新北市","district":"新莊區","address":"新北市新莊區中正路25號1樓"},"geometry":{"type":"Point","coordinates":[121.46378641392,25.0408569348631]}},{"type":"Feature","properties":{"name":"台灣壹番屋股份有限公司","city":"新北市","district":"中和區","address":"新北市中和區橋安街11號1樓"},"geometry":{"type":"Point","coordinates":[121.492655642073,25.0036072980059]}},{"type":"Feature","properties":{"name":"吉美食品廠樹林廠","city":"新北市","district":"樹林區","address":"新北市樹林區八德街492巷5號1、2樓"},"geometry":{"type":"Point","coordinates":[121.400276991078,24.9708804648323]}},{"type":"Feature","properties":{"name":"維宏食品有限公司","city":"新北市","district":"中和區","address":"新北市中和區連城路134巷3號1、2、3樓及5號1樓"},"geometry":{"type":"Point","coordinates":[121.495419807729,24.9996124201026]}},{"type":"Feature","properties":{"name":"旭鴻國際企業有限公司","city":"新北市","district":"新店區","address":"新北市新店區寶興路45巷8弄2號4樓"},"geometry":{"type":"Point","coordinates":[121.550012189771,24.9745627486306]}},{"type":"Feature","properties":{"name":"上島食品股份有限公司土城廠","city":"新北市","district":"土城區","address":"新北市土城區日新街33巷15號1、2樓"},"geometry":{"type":"Point","coordinates":[121.442788742905,24.98725423622]}},{"type":"Feature","properties":{"name":"泰鄉食品廠有限公司","city":"新北市","district":"三峽區","address":"新北市三峽區添福里2鄰15-14號"},"geometry":{"type":"Point","coordinates":[121.380952936107,24.8971989906267]}},{"type":"Feature","properties":{"name":"旺默食品企業有限公司","city":"新北市","district":"土城區","address":"新北市土城區忠承路91、95號1樓及81、83、85、87、91、95、99號4樓"},"geometry":{"type":"Point","coordinates":[121.438972182605,24.9647758545823]}},{"type":"Feature","properties":{"name":"山本旺實業有限公司","city":"新北市","district":"三峽區","address":"新北市三峽區嘉添181之15號（1、2樓）"},"geometry":{"type":"Point","coordinates":[121.370029213256,24.9114035290122]}},{"type":"Feature","properties":{"name":"士峯食品有限公司","city":"新北市","district":"新店區","address":"新北市新店區柴埕路60巷15-3號"},"geometry":{"type":"Point","coordinates":[121.508298557967,24.9645962507615]}},{"type":"Feature","properties":{"name":"鑫記食品行","city":"新北市","district":"樹林區","address":"新北市樹林區福順街43號1樓"},"geometry":{"type":"Point","coordinates":[121.415895520785,24.9786837906242]}},{"type":"Feature","properties":{"name":"金福臻生技有限公司","city":"新北市","district":"中和區","address":"新北市中和區建康路59號1樓"},"geometry":{"type":"Point","coordinates":[121.486858343007,25.0006689628035]}},{"type":"Feature","properties":{"name":"薩摩亞商巧詣有限公司台灣分公司","city":"新北市","district":"汐止區","address":"新北市汐止區康寧街161、163號4樓"},"geometry":{"type":"Point","coordinates":[121.62246158681,25.0669761002892]}},{"type":"Feature","properties":{"name":"長宏醫藥生技股份有限公司","city":"新北市","district":"五股區","address":"新北市五股區五權七路24號6樓"},"geometry":{"type":"Point","coordinates":[121.448644383294,25.0665576202844]}},{"type":"Feature","properties":{"name":"上將食品有限公司","city":"新北市","district":"新莊區","address":"新北市新莊區幸福東路86號1、2、3樓、90號、92號"},"geometry":{"type":"Point","coordinates":[121.464007813166,25.0495332344127]}},{"type":"Feature","properties":{"name":"鮮機食品生技股份有限公司","city":"新北市","district":"新莊區","address":"新北市新莊區福營路240號1樓"},"geometry":{"type":"Point","coordinates":[121.426647338382,25.0292005290692]}},{"type":"Feature","properties":{"name":"久翔食品股份有限公司","city":"新北市","district":"樹林區","address":"新北市樹林區武林街16號之1 (1~2樓)，16之2號1樓"},"geometry":{"type":"Point","coordinates":[121.420871068413,25.0034838701165]}},{"type":"Feature","properties":{"name":"魯都香食品有限公司","city":"新北市","district":"樹林區","address":"新北市樹林區三龍街94巷20號1、2樓"},"geometry":{"type":"Point","coordinates":[121.414355244546,25.0178910998197]}},{"type":"Feature","properties":{"name":"匯芯農產品商業有限公司","city":"新北市","district":"樹林區","address":"新北市樹林區民權街5巷19弄8號"},"geometry":{"type":"Point","coordinates":[121.395626100273,24.9586349113432]}},{"type":"Feature","properties":{"name":"丹鐠實業有限公司","city":"新北市","district":"樹林區","address":"新北市樹林區俊安街24巷10弄8號(1樓)"},"geometry":{"type":"Point","coordinates":[121.418853660586,25.0141567995202]}},{"type":"Feature","properties":{"name":"益品食品有限公司","city":"新北市","district":"汐止區","address":"新北市汐止區長安路179號1樓"},"geometry":{"type":"Point","coordinates":[121.671872599403,25.0772994580936]}},{"type":"Feature","properties":{"name":"賀業有限公司","city":"新北市","district":"新莊區","address":"新北市新莊區福營路227巷33號1、2樓"},"geometry":{"type":"Point","coordinates":[121.430301639749,25.0290705582147]}},{"type":"Feature","properties":{"name":"高涓科技有限公司","city":"新北市","district":"新莊區","address":"新北市新莊區新樹路67巷46號1樓"},"geometry":{"type":"Point","coordinates":[121.440970501943,25.030513243044]}},{"type":"Feature","properties":{"name":"幸福溫度食品股份有限公司","city":"新北市","district":"林口區","address":"新北市林口區工三路4號2樓"},"geometry":{"type":"Point","coordinates":[121.400751416,25.0794719938]}},{"type":"Feature","properties":{"name":"祥禾食品有限公司樹林廠","city":"新北市","district":"樹林區","address":"新北市樹林區東順街90巷13號1樓"},"geometry":{"type":"Point","coordinates":[121.408316962753,24.9765497887644]}},{"type":"Feature","properties":{"name":"喜之坊食品有限公司汐止廠","city":"新北市","district":"汐止區","address":"新北市汐止區南陽街121巷17號1、2樓"},"geometry":{"type":"Point","coordinates":[121.624954169541,25.0609321135124]}},{"type":"Feature","properties":{"name":"永爗企業有限公司","city":"新北市","district":"新莊區","address":"新北市新莊區化成路389巷33號1、2樓"},"geometry":{"type":"Point","coordinates":[121.463394558513,25.0579923412157]}},{"type":"Feature","properties":{"name":"拉瑞亞有限公司","city":"新北市","district":"深坑區","address":"新北市深坑區北深路3段270巷16號2樓之5、之6"},"geometry":{"type":"Point","coordinates":[121.59914549152,25.0059675012797]}},{"type":"Feature","properties":{"name":"新北市坪林區農會(茶產品加工場)","city":"新北市","district":"坪林區","address":"新北市坪林區坪林里坪林路102號"},"geometry":{"type":"Point","coordinates":[121.712838007353,24.9423699824293]}},{"type":"Feature","properties":{"name":"忠義實業有限公司","city":"新北市","district":"樹林區","address":"新北市樹林區八德街280巷3號1、2樓"},"geometry":{"type":"Point","coordinates":[121.410479270424,24.9704175832109]}},{"type":"Feature","properties":{"name":"千翔食品有限公司","city":"新北市","district":"三重區","address":"新北市三重區興德路131巷32號1、2、3樓"},"geometry":{"type":"Point","coordinates":[121.469733583326,25.0540103651621]}},{"type":"Feature","properties":{"name":"豪記川野食品有限公司蘆洲廠","city":"新北市","district":"蘆洲區","address":"新北市蘆洲區和平路51號(1、2樓)"},"geometry":{"type":"Point","coordinates":[121.470506909451,25.0790556660711]}},{"type":"Feature","properties":{"name":"光享實業有限公司","city":"新北市","district":"中和區","address":"新北市中和區中山路2段327巷11弄2號4樓"},"geometry":{"type":"Point","coordinates":[121.493801499201,25.0007194156357]}},{"type":"Feature","properties":{"name":"憶仙實業有限公司板橋廠","city":"新北市","district":"板橋區","address":"新北市板橋區文化路一段285巷2弄19號1樓"},"geometry":{"type":"Point","coordinates":[121.464235807685,25.0194444920387]}},{"type":"Feature","properties":{"name":"麥德凱生科股份有限公司","city":"新北市","district":"淡水區","address":"新北市淡水區中正東路1段3巷41號7樓"},"geometry":{"type":"Point","coordinates":[121.452474513704,25.1656908021649]}},{"type":"Feature","properties":{"name":"立盛食品有限公司","city":"新北市","district":"蘆洲區","address":"新北市蘆洲區國道路2段115號1、2樓"},"geometry":{"type":"Point","coordinates":[121.470255404272,25.0749063763878]}},{"type":"Feature","properties":{"name":"馬克老爹有限公司","city":"新北市","district":"汐止區","address":"新北市汐止區大同路1段302巷22號1樓"},"geometry":{"type":"Point","coordinates":[121.636396119326,25.0570513245323]}},{"type":"Feature","properties":{"name":"春保食品股份有限公司","city":"新北市","district":"新店區","address":"新北市新店區寶興路53號5樓"},"geometry":{"type":"Point","coordinates":[121.549776358102,24.9727983744735]}},{"type":"Feature","properties":{"name":"每一天調理食品有限公司樹林廠","city":"新北市","district":"樹林區","address":"新北市樹林區八德街343號2至3樓"},"geometry":{"type":"Point","coordinates":[121.418562125825,24.9736659633441]}},{"type":"Feature","properties":{"name":"耆盛企業股份有限公司","city":"新北市","district":"樹林區","address":"新北市樹林區八德街280巷3號3樓"},"geometry":{"type":"Point","coordinates":[121.410479270424,24.9704175832109]}},{"type":"Feature","properties":{"name":"芬斯特股份有限公司新店廠","city":"新北市","district":"新店區","address":"新北市新店區中正路501-16號5樓"},"geometry":{"type":"Point","coordinates":[121.533580130016,24.9836171702068]}},{"type":"Feature","properties":{"name":"西德有機化學藥品股份有限公司五股二廠","city":"新北市","district":"五股區","address":"新北市五股區五工六路56號2、3、4樓"},"geometry":{"type":"Point","coordinates":[121.447625447793,25.06874228134]}},{"type":"Feature","properties":{"name":"樸實股份有限公司","city":"新北市","district":"三重區","address":"新北市三重區中正北路518號6樓"},"geometry":{"type":"Point","coordinates":[121.472045695469,25.0717361991138]}},{"type":"Feature","properties":{"name":"冠庭國際股份有限公司三重廠","city":"新北市","district":"三重區","address":"新北市三重區重新路5段609巷14號之12(1樓)"},"geometry":{"type":"Point","coordinates":[121.46736811385,25.0461385495266]}},{"type":"Feature","properties":{"name":"德開利有限公司","city":"新北市","district":"新店區","address":"新北市新店區寶興路45巷6弄11號3樓"},"geometry":{"type":"Point","coordinates":[121.550904536322,24.97427758418]}},{"type":"Feature","properties":{"name":"美食家點心坊","city":"新北市","district":"五股區","address":"新北市五股區西雲路290號"},"geometry":{"type":"Point","coordinates":[121.449696168353,25.0990242555913]}},{"type":"Feature","properties":{"name":"憶仙實業有限公司","city":"新北市","district":"樹林區","address":"新北市樹林區柑園街一段33巷6號1樓"},"geometry":{"type":"Point","coordinates":[121.40374475821,24.9597128765745]}},{"type":"Feature","properties":{"name":"雄鼎食品行","city":"新北市","district":"樹林區","address":"新北市樹林區大安路145巷16號1、2樓"},"geometry":{"type":"Point","coordinates":[121.422528537508,24.9964424358331]}},{"type":"Feature","properties":{"name":"福星食品有限公司","city":"新北市","district":"三重區","address":"新北市三重區興德路141巷1號及3號(各1、2、3樓)"},"geometry":{"type":"Point","coordinates":[121.46970831072,25.0530696037561]}},{"type":"Feature","properties":{"name":"振頤軒食品企業有限公司","city":"新北市","district":"樹林區","address":"新北市樹林區光興街91之2號1、2樓"},"geometry":{"type":"Point","coordinates":[121.409338337487,25.0025748606721]}},{"type":"Feature","properties":{"name":"錦發製麵工坊","city":"新北市","district":"新莊區","address":"新北市新莊區思源路43巷11號1樓"},"geometry":{"type":"Point","coordinates":[121.459360459217,25.0398459731033]}},{"type":"Feature","properties":{"name":"富陽生技有限公司","city":"新北市","district":"八里區","address":"新北市八里區龍米路1段96號2樓、3樓"},"geometry":{"type":"Point","coordinates":[121.454230221801,25.1245142948561]}},{"type":"Feature","properties":{"name":"八方雲集國際股份有限公司","city":"新北市","district":"淡水區","address":"新北市淡水區水源里水梘頭42之1號(1、2、3、4樓)"},"geometry":{"type":"Point","coordinates":[121.441035051,25.1694904588]}},{"type":"Feature","properties":{"name":"糖藝食品股份有限公司泰山廠","city":"新北市","district":"泰山區","address":"新北市泰山區新北大道6段397、409號7樓"},"geometry":{"type":"Point","coordinates":[121.42141117524,25.0321305118936]}},{"type":"Feature","properties":{"name":"國鼎生物科技股份有限公司淡水二廠","city":"新北市","district":"淡水區","address":"新北市淡水區中正東路1段3巷9號4樓、11號4樓之1"},"geometry":{"type":"Point","coordinates":[121.451740035478,25.1655068876058]}},{"type":"Feature","properties":{"name":"阜康食品有限公司","city":"新北市","district":"五股區","address":"新北市五股區中興路2段9巷30號1樓"},"geometry":{"type":"Point","coordinates":[121.462961463985,25.0724385748048]}},{"type":"Feature","properties":{"name":"楊堃興業有限公司","city":"新北市","district":"新莊區","address":"新北市新莊區雙鳳路111號6樓"},"geometry":{"type":"Point","coordinates":[121.413858725241,25.0280806172635]}},{"type":"Feature","properties":{"name":"永淇麵包店","city":"新北市","district":"淡水區","address":"新北市淡水區淡金路3段280之1號1樓"},"geometry":{"type":"Point","coordinates":[121.448932297929,25.2069841949252]}},{"type":"Feature","properties":{"name":"津川良製股份有限公司","city":"新北市","district":"汐止區","address":"新北市汐止區中興路31號6樓"},"geometry":{"type":"Point","coordinates":[121.634623471667,25.061767532413]}},{"type":"Feature","properties":{"name":"虹宴餐飲股份有限公司","city":"新北市","district":"新莊區","address":"新北市新莊區後港一路145、147號(2樓)"},"geometry":{"type":"Point","coordinates":[121.430945209095,25.0279305115607]}},{"type":"Feature","properties":{"name":"全滋稻食品有限公司中和廠","city":"新北市","district":"中和區","address":"新北市中和區中山路2段340巷57號1、2樓"},"geometry":{"type":"Point","coordinates":[121.492945011557,25.0045235978151]}},{"type":"Feature","properties":{"name":"金蕎食品有限公司","city":"新北市","district":"中和區","address":"新北市中和區連城路222巷2弄5號2樓"},"geometry":{"type":"Point","coordinates":[121.491550630272,24.9972383579094]}},{"type":"Feature","properties":{"name":"鴻福食品工廠有限公司","city":"新北市","district":"板橋區","address":"新北市板橋區金門街369巷63-1號(前段 )"},"geometry":{"type":"Point","coordinates":[121.433455652,24.9951472541]}},{"type":"Feature","properties":{"name":"富澄御坊股份有限公司","city":"新北市","district":"土城區","address":"新北市土城區中華路1段56巷13號1、2樓"},"geometry":{"type":"Point","coordinates":[121.445057985062,24.9890303329977]}},{"type":"Feature","properties":{"name":"韓蜜食品有限公司","city":"新北市","district":"鶯歌區","address":"新北市鶯歌區二甲路中心巷13弄2號1、2、3樓"},"geometry":{"type":"Point","coordinates":[121.337668606481,24.9353019804296]}},{"type":"Feature","properties":{"name":"廣珍企業有限公司","city":"新北市","district":"三重區","address":"新北市三重區中興北街150巷32號1樓"},"geometry":{"type":"Point","coordinates":[121.467549014049,25.0563674053463]}},{"type":"Feature","properties":{"name":"有泰香料化學股份有限公司","city":"新北市","district":"樹林區","address":"新北市樹林區俊英街224巷1號1、2、3樓"},"geometry":{"type":"Point","coordinates":[121.425294652161,25.0103359755926]}},{"type":"Feature","properties":{"name":"承威企業有限公司","city":"新北市","district":"汐止區","address":"新北市汐止區大安街56巷7弄15號1、2樓"},"geometry":{"type":"Point","coordinates":[121.677431502673,25.0736480615784]}},{"type":"Feature","properties":{"name":"鼎珍食品工業股份有限公司","city":"新北市","district":"新莊區","address":"新北市新莊區後港一路198號"},"geometry":{"type":"Point","coordinates":[121.433046403733,25.0282636035795]}},{"type":"Feature","properties":{"name":"小潘蛋糕坊板橋一廠","city":"新北市","district":"板橋區","address":"新北市板橋區和平路29號5樓"},"geometry":{"type":"Point","coordinates":[121.459860745409,24.9956224756632]}},{"type":"Feature","properties":{"name":"盈浜企業有限公司土城廠","city":"新北市","district":"土城區","address":"新北市土城區承天路67號1至3樓"},"geometry":{"type":"Point","coordinates":[121.439628100672,24.9634310473517]}},{"type":"Feature","properties":{"name":"裕昌肉品有限公司","city":"新北市","district":"蘆洲區","address":"新北市蘆洲區正和街63巷24號1、2樓"},"geometry":{"type":"Point","coordinates":[121.469262677747,25.0804381723259]}},{"type":"Feature","properties":{"name":"青潭源泉企業社","city":"新北市","district":"樹林區","address":"新北市樹林區柑園街一段157號1樓"},"geometry":{"type":"Point","coordinates":[121.400388752911,24.9581311786777]}},{"type":"Feature","properties":{"name":"揚明食品有限公司","city":"新北市","district":"樹林區","address":"新北市樹林區中山路2段151巷15弄10號1樓"},"geometry":{"type":"Point","coordinates":[121.40797370282,24.977155140102]}},{"type":"Feature","properties":{"name":"艾隆餐飲股份有限公司","city":"新北市","district":"林口區","address":"新北市林口區工五路2之1號"},"geometry":{"type":"Point","coordinates":[121.401710622,25.0787471493]}},{"type":"Feature","properties":{"name":"阿婆鐵蛋有限公司","city":"新北市","district":"淡水區","address":"新北市淡水區中正東路1段3巷21、23號8樓"},"geometry":{"type":"Point","coordinates":[121.451877093116,25.1659182647358]}},{"type":"Feature","properties":{"name":"士平企業有限公司新莊廠","city":"新北市","district":"新莊區","address":"新北市新莊區新樹路67巷8號1樓"},"geometry":{"type":"Point","coordinates":[121.439705224623,25.0300726907959]}},{"type":"Feature","properties":{"name":"馬可先生食品企業有限公司台北廠","city":"新北市","district":"三重區","address":"新北市三重區國道路1段68號1樓及69號1樓"},"geometry":{"type":"Point","coordinates":[121.480662293463,25.072797293353]}},{"type":"Feature","properties":{"name":"力尹食品有限公司","city":"新北市","district":"汐止區","address":"新北市汐止區福德一路342巷2弄3號4樓"},"geometry":{"type":"Point","coordinates":[121.629644313653,25.0633024115789]}},{"type":"Feature","properties":{"name":"丞儲國際有限公司","city":"新北市","district":"汐止區","address":"新北市汐止區大同路3段322號1樓"},"geometry":{"type":"Point","coordinates":[121.679042506365,25.071023896011]}},{"type":"Feature","properties":{"name":"金夆食品有限公司","city":"新北市","district":"中和區","address":"新北市中和區連城路134巷1號(1樓)"},"geometry":{"type":"Point","coordinates":[121.495557281343,24.9993161887045]}},{"type":"Feature","properties":{"name":"芬芳烹材股份有限公司山佳廠","city":"新北市","district":"樹林區","address":"新北市樹林區中山路2段151巷23號(1~2樓)"},"geometry":{"type":"Point","coordinates":[121.407990741238,24.9778622551144]}},{"type":"Feature","properties":{"name":"生興莊食品行","city":"新北市","district":"新店區","address":"新北市新店區中興路2段218巷8號1樓"},"geometry":{"type":"Point","coordinates":[121.548834465798,24.9749767417952]}},{"type":"Feature","properties":{"name":"統一多拿滋股份有限公司土城廠","city":"新北市","district":"土城區","address":"新北市土城區中興路20號1、2、3樓"},"geometry":{"type":"Point","coordinates":[121.425632909055,24.9663653264529]}},{"type":"Feature","properties":{"name":"阿默企業有限公司","city":"新北市","district":"土城區","address":"新北市土城區忠承路83、87、91、95號2、3樓"},"geometry":{"type":"Point","coordinates":[121.438972182605,24.9647758545823]}},{"type":"Feature","properties":{"name":"雅式小西點坊","city":"新北市","district":"土城區","address":"新北市土城區延壽路77巷3-2號1樓及地下一樓"},"geometry":{"type":"Point","coordinates":[121.469069413547,24.9925456255098]}},{"type":"Feature","properties":{"name":"德揚食品有限公司","city":"新北市","district":"三峽區","address":"新北市三峽區嘉添225之2號1樓"},"geometry":{"type":"Point","coordinates":[121.369958815067,24.9103045741809]}},{"type":"Feature","properties":{"name":"順順食品有限公司","city":"新北市","district":"淡水區","address":"新北市淡水區中正東路2段69之11號2樓"},"geometry":{"type":"Point","coordinates":[121.459579577867,25.154577217278]}},{"type":"Feature","properties":{"name":"潞華實業有限公司新莊廠","city":"新北市","district":"新莊區","address":"新北市新莊區思源路109巷3號2樓"},"geometry":{"type":"Point","coordinates":[121.45917478706,25.0419765203833]}},{"type":"Feature","properties":{"name":"蕃老爹有限公司","city":"新北市","district":"新店區","address":"新北市新店區寶中路78號4樓"},"geometry":{"type":"Point","coordinates":[121.548306554176,24.9805390167408]}},{"type":"Feature","properties":{"name":"妙吉食品廠","city":"新北市","district":"土城區","address":"新北市土城區中央路2段390巷33號1樓"},"geometry":{"type":"Point","coordinates":[121.438292537862,24.9721269413193]}},{"type":"Feature","properties":{"name":"四季甜煮食品有限公司八里廠","city":"新北市","district":"八里區","address":"新北市八里區觀海大道241號1樓"},"geometry":{"type":"Point","coordinates":[121.417324972806,25.1626893781346]}},{"type":"Feature","properties":{"name":"源森興業有限公司","city":"新北市","district":"中和區","address":"新北市中和區立德街148巷2號4樓"},"geometry":{"type":"Point","coordinates":[121.487367741919,25.0087107403152]}},{"type":"Feature","properties":{"name":"香喜富企業有限公司","city":"新北市","district":"中和區","address":"新北市中和區中板路15巷11號5樓"},"geometry":{"type":"Point","coordinates":[121.484402203767,25.0111814199803]}},{"type":"Feature","properties":{"name":"廣昇股份有限公司五股廠","city":"新北市","district":"新莊區","address":"新北市新莊區五權一路9號8樓之3"},"geometry":{"type":"Point","coordinates":[121.458914189966,25.0672704279176]}},{"type":"Feature","properties":{"name":"亞多夢股份有限公司","city":"新北市","district":"三重區","address":"新北市三重區中正北路508巷77號1樓"},"geometry":{"type":"Point","coordinates":[121.472570292846,25.0692923363418]}},{"type":"Feature","properties":{"name":"亞永實業股份有限公司","city":"新北市","district":"新店區","address":"新北市新店區寶興路45巷8弄1號4樓"},"geometry":{"type":"Point","coordinates":[121.550220147183,24.9747721851532]}},{"type":"Feature","properties":{"name":"金界粿行","city":"新北市","district":"三重區","address":"新北市三重區福田里自由街61號1樓"},"geometry":{"type":"Point","coordinates":[121.478206975549,25.0665480635922]}},{"type":"Feature","properties":{"name":"振發食品行","city":"新北市","district":"三重區","address":"新北市三重區頂崁街217巷8號1樓"},"geometry":{"type":"Point","coordinates":[121.477985734561,25.0677117124405]}},{"type":"Feature","properties":{"name":"元鯕股份有限公司","city":"新北市","district":"中和區","address":"新北市中和區連城路114號1樓"},"geometry":{"type":"Point","coordinates":[121.496151084286,24.9996725147349]}},{"type":"Feature","properties":{"name":"舍利蓮有限公司福德廠","city":"新北市","district":"汐止區","address":"新北市汐止區福德一路310巷7弄1之3號"},"geometry":{"type":"Point","coordinates":[121.630828509894,25.0636680186023]}},{"type":"Feature","properties":{"name":"原企有限公司","city":"新北市","district":"三重區","address":"新北市三重區大勇街82巷26弄29號1樓"},"geometry":{"type":"Point","coordinates":[121.478464454797,25.0721140777103]}},{"type":"Feature","properties":{"name":"匠菓子食品生技有限公司","city":"新北市","district":"汐止區","address":"新北市汐止區福德一路405巷2號1樓"},"geometry":{"type":"Point","coordinates":[121.627339556482,25.0599883837397]}},{"type":"Feature","properties":{"name":"翔鶴糖廍有限公司","city":"新北市","district":"八里區","address":"新北市八里區博物館路203號1樓"},"geometry":{"type":"Point","coordinates":[121.405360850792,25.1560867252463]}},{"type":"Feature","properties":{"name":"慶桐食品有限公司","city":"新北市","district":"汐止區","address":"新北市汐止區福德一路421巷15號1、2樓、17號1、2樓"},"geometry":{"type":"Point","coordinates":[121.627159024482,25.0593893609764]}},{"type":"Feature","properties":{"name":"御軒食品有限公司土城廠","city":"新北市","district":"土城區","address":"新北市土城區日新街37之1號"},"geometry":{"type":"Point","coordinates":[121.444077125478,24.9878872118923]}},{"type":"Feature","properties":{"name":"典藏藝術家庭股份有限公司","city":"新北市","district":"土城區","address":"新北市土城區中央路3段76巷49弄12號"},"geometry":{"type":"Point","coordinates":[121.434750665684,24.969076636406]}},{"type":"Feature","properties":{"name":"優質澱粉有限公司","city":"新北市","district":"林口區","address":"新北市林口區文化二路2段379號(1樓及夾層)"},"geometry":{"type":"Point","coordinates":[121.381613428477,25.0869557912848]}},{"type":"Feature","properties":{"name":"羿碩興業有限公司","city":"新北市","district":"樹林區","address":"新北市樹林區柑園街2段122巷5號2樓"},"geometry":{"type":"Point","coordinates":[121.384237558881,24.9554078128297]}},{"type":"Feature","properties":{"name":"苦行生化科技有限公司土城廠","city":"新北市","district":"土城區","address":"新北市土城區自強街11巷3號4樓"},"geometry":{"type":"Point","coordinates":[121.429749034969,24.9703101196014]}},{"type":"Feature","properties":{"name":"王師父食品有限公司","city":"新北市","district":"中和區","address":"新北市中和區立德街52巷6號2樓"},"geometry":{"type":"Point","coordinates":[121.488614482823,25.0077941661361]}},{"type":"Feature","properties":{"name":"台灣通用磨坊股份有限公司","city":"新北市","district":"土城區","address":"新北市土城區中山路12號1樓、2樓、3樓、4樓"},"geometry":{"type":"Point","coordinates":[121.417338069641,24.9619900779144]}},{"type":"Feature","properties":{"name":"金品源食品工廠","city":"新北市","district":"中和區","address":"新北市中和區建八路164巷2號1、2樓"},"geometry":{"type":"Point","coordinates":[121.490088195162,24.9983178898666]}},{"type":"Feature","properties":{"name":"六張犂饅頭有限公司","city":"新北市","district":"深坑區","address":"新北市深坑區北深路3段155巷15、17號(1樓)"},"geometry":{"type":"Point","coordinates":[121.602315518827,25.002470492098]}},{"type":"Feature","properties":{"name":"統一聖娜多堡股份有限公司五股廠","city":"新北市","district":"五股區","address":"新北市五股區五工二路124號3樓"},"geometry":{"type":"Point","coordinates":[121.455298482602,25.0702777127415]}},{"type":"Feature","properties":{"name":"米力股份有限公司","city":"新北市","district":"三重區","address":"新北市三重區光復路2段196巷6號2樓"},"geometry":{"type":"Point","coordinates":[121.469926721995,25.0625649922313]}},{"type":"Feature","properties":{"name":"成勝生物科技有限公司","city":"新北市","district":"板橋區","address":"新北市板橋區干城路162號1樓"},"geometry":{"type":"Point","coordinates":[121.460642782484,24.9919188685605]}},{"type":"Feature","properties":{"name":"禧月有限公司","city":"新北市","district":"中和區","address":"新北市中和區中山路二段327巷15號3樓"},"geometry":{"type":"Point","coordinates":[121.493426184231,25.0005964488115]}},{"type":"Feature","properties":{"name":"旭輝食品興業有限公司","city":"新北市","district":"樹林區","address":"新北市樹林區樹中街63號2樓"},"geometry":{"type":"Point","coordinates":[121.421301657692,24.9852523499929]}},{"type":"Feature","properties":{"name":"大得利家畜肉食品加工廠有限公司","city":"新北市","district":"新莊區","address":"新北市新莊區環漢路3段525號"},"geometry":{"type":"Point","coordinates":[121.435170773214,25.0026641605612]}},{"type":"Feature","properties":{"name":"派帝食品有限公司","city":"新北市","district":"樹林區","address":"新北市樹林區光興街63巷12號1、2樓"},"geometry":{"type":"Point","coordinates":[121.410510412859,25.002186968856]}},{"type":"Feature","properties":{"name":"章富昌食品有限公司","city":"新北市","district":"三峽區","address":"新北市三峽區嘉添里嘉添109-2號"},"geometry":{"type":"Point","coordinates":[121.389886567333,24.9027693859639]}},{"type":"Feature","properties":{"name":"葵果股份有限公司","city":"新北市","district":"中和區","address":"新北市中和區中山路2段389號9樓"},"geometry":{"type":"Point","coordinates":[121.486811681094,25.0047233879239]}},{"type":"Feature","properties":{"name":"冠閎實業有限公司","city":"新北市","district":"新莊區","address":"新北市新莊區化成路83巷60號1樓及2樓"},"geometry":{"type":"Point","coordinates":[121.462419713824,25.04666612488]}},{"type":"Feature","properties":{"name":"鎧逸企業股份有限公司","city":"新北市","district":"三峽區","address":"新北市三峽區中華路74-1號"},"geometry":{"type":"Point","coordinates":[121.371497975354,24.9295376999061]}},{"type":"Feature","properties":{"name":"明軒食品有限公司","city":"新北市","district":"鶯歌區","address":"新北市鶯歌區中正三路156巷33弄6、7號(1、2樓)"},"geometry":{"type":"Point","coordinates":[121.332869390613,24.9397264448626]}},{"type":"Feature","properties":{"name":"多米多食品有限公司","city":"新北市","district":"五股區","address":"新北市五股區中興路1段46巷4號(1樓)"},"geometry":{"type":"Point","coordinates":[121.468279847536,25.0729685974082]}},{"type":"Feature","properties":{"name":"台灣和華貿易有限公司","city":"新北市","district":"中和區","address":"新北市中和區建八路2號4樓之4"},"geometry":{"type":"Point","coordinates":[121.486186793709,24.9983282281965]}},{"type":"Feature","properties":{"name":"豆工房咖啡商行","city":"新北市","district":"汐止區","address":"新北市汐止區福德一路393巷8號1樓"},"geometry":{"type":"Point","coordinates":[121.627791381502,25.0602739523477]}},{"type":"Feature","properties":{"name":"康喜軒食品有限公司","city":"新北市","district":"三峽區","address":"新北市三峽區中華路74-5號"},"geometry":{"type":"Point","coordinates":[121.371497975354,24.9295376999061]}},{"type":"Feature","properties":{"name":"屹兆莊企業有限公司","city":"新北市","district":"蘆洲區","address":"新北市蘆洲區長興路353號1樓"},"geometry":{"type":"Point","coordinates":[121.460780331913,25.091070108807]}},{"type":"Feature","properties":{"name":"福寶貿易有限公司","city":"新北市","district":"中和區","address":"新北市中和區建八路162號1樓"},"geometry":{"type":"Point","coordinates":[121.490109828239,24.9984850284483]}},{"type":"Feature","properties":{"name":"恆新股份有限公司","city":"新北市","district":"林口區","address":"新北市林口區粉寮路二段458之1號(二樓)"},"geometry":{"type":"Point","coordinates":[121.40427515514,25.0992550391312]}},{"type":"Feature","properties":{"name":"源廣興食品有限公司石碇廠","city":"新北市","district":"石碇區","address":"新北市石碇區彭山里崩山3之3號"},"geometry":{"type":"Point","coordinates":[121.676214497901,24.9750281274451]}},{"type":"Feature","properties":{"name":"千賓香精原料有限公司","city":"新北市","district":"新店區","address":"新北市新店區中正路四維巷8弄7號2樓、9號2樓"},"geometry":{"type":"Point","coordinates":[121.534943114139,24.9848687400637]}},{"type":"Feature","properties":{"name":"智捷實業有限公司","city":"新北市","district":"新莊區","address":"新北市新莊區化成路370、372、374號1樓"},"geometry":{"type":"Point","coordinates":[121.466004471666,25.0498399081472]}},{"type":"Feature","properties":{"name":"米塔汐止食品有限公司","city":"新北市","district":"汐止區","address":"新北市汐止區環河街166號"},"geometry":{"type":"Point","coordinates":[121.628316323789,25.0575512546423]}},{"type":"Feature","properties":{"name":"綠指南貿易有限公司","city":"新北市","district":"板橋區","address":"新北市板橋區信義路163巷5號10樓"},"geometry":{"type":"Point","coordinates":[121.459381776082,24.9928901896356]}},{"type":"Feature","properties":{"name":"維喆禮坊股份有限公司","city":"新北市","district":"中和區","address":"新北市中和區立業路83巷1號3樓"},"geometry":{"type":"Point","coordinates":[121.491411871991,25.0072522710531]}},{"type":"Feature","properties":{"name":"稷馨企業有限公司","city":"新北市","district":"汐止區","address":"新北市汐止區康寧街169巷29號12樓之2"},"geometry":{"type":"Point","coordinates":[121.622640554421,25.0689173603446]}},{"type":"Feature","properties":{"name":"良菓生化科技股份有限公司","city":"新北市","district":"新店區","address":"新北市新店區寶宏路7號3樓"},"geometry":{"type":"Point","coordinates":[121.549384871679,24.9761069680886]}},{"type":"Feature","properties":{"name":"沅哲有限公司","city":"新北市","district":"林口區","address":"新北市林口區粉寮路二段24號1、2、3樓"},"geometry":{"type":"Point","coordinates":[121.40294347717,25.0862772250828]}},{"type":"Feature","properties":{"name":"德利發食品有限公司","city":"新北市","district":"中和區","address":"新北市中和區錦和路134號(2樓)"},"geometry":{"type":"Point","coordinates":[121.489299460356,24.9980266010534]}},{"type":"Feature","properties":{"name":"香好佳有限公司","city":"新北市","district":"新莊區","address":"新北市新莊區中正路853之2號4樓"},"geometry":{"type":"Point","coordinates":[121.420136064755,25.0280183560495]}},{"type":"Feature","properties":{"name":"崴騏手工蛋糕坊有限公司中和廠","city":"新北市","district":"中和區","address":"新北市中和區中正路774號3樓"},"geometry":{"type":"Point","coordinates":[121.485278874753,25.0000713640902]}},{"type":"Feature","properties":{"name":"翔椿生技有限公司","city":"新北市","district":"三峽區","address":"新北市三峽區中園街106之5號1、2樓"},"geometry":{"type":"Point","coordinates":[121.367173672384,24.9231097649102]}},{"type":"Feature","properties":{"name":"塔皮歐卡食品行","city":"新北市","district":"新莊區","address":"新北市新莊區民樂街42號1樓"},"geometry":{"type":"Point","coordinates":[121.458012274929,25.0412652409493]}},{"type":"Feature","properties":{"name":"珍食堡實業股份有限公司","city":"新北市","district":"三重區","address":"新北市三重區興德路90、92號7樓"},"geometry":{"type":"Point","coordinates":[121.47309130354,25.053219786958]}},{"type":"Feature","properties":{"name":"尚大立食品實業有限公司","city":"新北市","district":"新莊區","address":"新北市新莊區新樹路244巷80號1樓"},"geometry":{"type":"Point","coordinates":[121.431079427477,25.0203620865612]}},{"type":"Feature","properties":{"name":"原振冷凍食品有限公司","city":"新北市","district":"三重區","address":"新北市三重區中正北路193巷35弄90號"},"geometry":{"type":"Point","coordinates":[121.479092133145,25.0716193750135]}},{"type":"Feature","properties":{"name":"薩摩亞商寶宏國際實業股份有限公司台灣分公司","city":"新北市","district":"瑞芳區","address":"新北市瑞芳區明燈路3段209號"},"geometry":{"type":"Point","coordinates":[121.800633029639,25.1107234132201]}},{"type":"Feature","properties":{"name":"台灣塩野香料股份有限公司二廠","city":"新北市","district":"新莊區","address":"新北市新莊區頭前路93號"},"geometry":{"type":"Point","coordinates":[121.46518787231,25.0523291105144]}},{"type":"Feature","properties":{"name":"彥臣生技藥品股份有限公司","city":"新北市","district":"五股區","address":"新北市五股區五權八路45號(4樓)"},"geometry":{"type":"Point","coordinates":[121.449185648889,25.0696820918518]}},{"type":"Feature","properties":{"name":"坤禾食品有限公司","city":"新北市","district":"樹林區","address":"新北市樹林區八德街31號1樓"},"geometry":{"type":"Point","coordinates":[121.418440623661,24.9838739104036]}},{"type":"Feature","properties":{"name":"雅聖食品行","city":"新北市","district":"土城區","address":"新北市土城區裕生路21巷2弄24、26號1樓"},"geometry":{"type":"Point","coordinates":[121.448044231267,24.9863823512159]}},{"type":"Feature","properties":{"name":"洺林食品有限公司","city":"新北市","district":"三峽區","address":"新北市三峽區中園街108之1號1樓"},"geometry":{"type":"Point","coordinates":[121.367168172324,24.9230449486321]}},{"type":"Feature","properties":{"name":"韋冠實業有限公司","city":"新北市","district":"深坑區","address":"新北市深坑區北深路三段276號6樓"},"geometry":{"type":"Point","coordinates":[121.597959338527,25.0050667302289]}},{"type":"Feature","properties":{"name":"仙華生機農業股份有限公司","city":"新北市","district":"八里區","address":"新北市八里區龍米路1段138巷2號"},"geometry":{"type":"Point","coordinates":[121.453268235664,25.1256717678019]}},{"type":"Feature","properties":{"name":"金記食品有限公司","city":"新北市","district":"三重區","address":"新北市三重區疏洪西路246號3、4樓"},"geometry":{"type":"Point","coordinates":[121.474259015754,25.0599024099744]}},{"type":"Feature","properties":{"name":"雅旭食品有限公司","city":"新北市","district":"土城區","address":"新北市土城區慶祥街79號1樓"},"geometry":{"type":"Point","coordinates":[121.435258873758,24.9722212031895]}},{"type":"Feature","properties":{"name":"樂儂食品股份有限公司","city":"新北市","district":"新店區","address":"新北市新店區中正路501-17號5樓"},"geometry":{"type":"Point","coordinates":[121.533580130016,24.9836171702068]}},{"type":"Feature","properties":{"name":"豪紳企業社","city":"新北市","district":"三重區","address":"新北市三重區中正北路191巷3弄5號1樓"},"geometry":{"type":"Point","coordinates":[121.477705348388,25.0697899401777]}},{"type":"Feature","properties":{"name":"華森健康國際有限公司(俊英廠)","city":"新北市","district":"樹林區","address":"新北市樹林區俊英街81巷61之2號(1樓)"},"geometry":{"type":"Point","coordinates":[121.422826748735,25.0070327149408]}},{"type":"Feature","properties":{"name":"台灣艾諾特生物科技有限公司","city":"新北市","district":"樹林區","address":"新北市樹林區佳園路2段15巷6弄9號1~2樓"},"geometry":{"type":"Point","coordinates":[121.392896701118,24.9631614134539]}},{"type":"Feature","properties":{"name":"森騰實業有限公司","city":"新北市","district":"新莊區","address":"新北市新莊區化成路195巷26號2樓"},"geometry":{"type":"Point","coordinates":[121.463629421536,25.0507120606328]}},{"type":"Feature","properties":{"name":"味都股份有限公司新莊廠","city":"新北市","district":"新莊區","address":"新北市新莊區福營路145巷34號"},"geometry":{"type":"Point","coordinates":[121.433212245662,25.0306900097856]}},{"type":"Feature","properties":{"name":"祿大食品有限公司","city":"新北市","district":"三重區","address":"新北市三重區中興北街特137之2號(1樓)"},"geometry":{"type":"Point","coordinates":[121.469316809264,25.0512642660466]}},{"type":"Feature","properties":{"name":"龍達食品有限公司","city":"新北市","district":"中和區","address":"新北市中和區建三路67號(1樓)"},"geometry":{"type":"Point","coordinates":[121.486218777999,25.001477140266]}},{"type":"Feature","properties":{"name":"發全台企業社","city":"新北市","district":"五股區","address":"新北市五股區民義路1段287巷16號之2 2樓"},"geometry":{"type":"Point","coordinates":[121.422783464624,25.0889649410314]}},{"type":"Feature","properties":{"name":"眾味元有限公司","city":"新北市","district":"樹林區","address":"新北市樹林區忠信街15號6樓"},"geometry":{"type":"Point","coordinates":[121.407816732242,25.0152508339676]}},{"type":"Feature","properties":{"name":"豐華企業股份有限公司","city":"新北市","district":"三重區","address":"新北市三重區三和路4段103-1號8樓"},"geometry":{"type":"Point","coordinates":[121.487132390153,25.0766294267205]}},{"type":"Feature","properties":{"name":"大堡口福食品有限公司","city":"新北市","district":"土城區","address":"新北市土城區永豐路195巷26號"},"geometry":{"type":"Point","coordinates":[121.473892247933,24.979369268644]}},{"type":"Feature","properties":{"name":"可夫萊食品股份有限公司","city":"新北市","district":"新莊區","address":"新北市新莊區五工五路1號3樓"},"geometry":{"type":"Point","coordinates":[121.456279582366,25.0640215568353]}},{"type":"Feature","properties":{"name":"采威麵包廠","city":"新北市","district":"三重區","address":"新北市三重區中正北路428巷7弄11、13號"},"geometry":{"type":"Point","coordinates":[121.474116826096,25.0698979505313]}},{"type":"Feature","properties":{"name":"逢興生物科技股份有限公司","city":"新北市","district":"中和區","address":"新北市中和區立德街148巷36號5樓及48號5樓、6樓"},"geometry":{"type":"Point","coordinates":[121.486666648984,25.009071341293]}},{"type":"Feature","properties":{"name":"翰霖貿易有限公司","city":"新北市","district":"深坑區","address":"新北市深坑區北深路2段32號"},"geometry":{"type":"Point","coordinates":[121.619830477937,25.0045124773431]}},{"type":"Feature","properties":{"name":"調味大師展業有限公司","city":"新北市","district":"中和區","address":"新北市中和區立德街98巷60號1樓"},"geometry":{"type":"Point","coordinates":[121.488143527049,25.0086795307304]}},{"type":"Feature","properties":{"name":"馥雅有限公司","city":"新北市","district":"汐止區","address":"新北市汐止區福德一路430巷26號4樓"},"geometry":{"type":"Point","coordinates":[121.62469053206,25.0602737566913]}},{"type":"Feature","properties":{"name":"黑傑克食品有限公司","city":"新北市","district":"土城區","address":"新北市土城區永平街28號1樓"},"geometry":{"type":"Point","coordinates":[121.428017323042,24.9616076934469]}},{"type":"Feature","properties":{"name":"晉義參藥有限公司","city":"新北市","district":"新莊區","address":"新北市新莊區民安西路486號1樓"},"geometry":{"type":"Point","coordinates":[121.432338318781,25.0072474268071]}},{"type":"Feature","properties":{"name":"大鼎食品有限公司","city":"新北市","district":"三峽區","address":"新北市三峽區溪北街103號"},"geometry":{"type":"Point","coordinates":[121.398112039576,24.9356019499569]}},{"type":"Feature","properties":{"name":"華盛食品有限公司","city":"新北市","district":"新店區","address":"新北市新店區寶橋路235巷6弄2號1樓"},"geometry":{"type":"Point","coordinates":[121.552346493187,24.9802157861824]}},{"type":"Feature","properties":{"name":"順立食品有限公司","city":"新北市","district":"鶯歌區","address":"新北市鶯歌區大湖路185之1號"},"geometry":{"type":"Point","coordinates":[121.344534368263,24.9701066779091]}},{"type":"Feature","properties":{"name":"悅子有限公司","city":"新北市","district":"新莊區","address":"新北市新莊區中正路81巷1號"},"geometry":{"type":"Point","coordinates":[121.461316746935,25.0387972075965]}},{"type":"Feature","properties":{"name":"長谷川食品有限公司","city":"新北市","district":"新莊區","address":"新北市新莊區五權一路5號8樓之9"},"geometry":{"type":"Point","coordinates":[121.457934508101,25.0661722619781]}},{"type":"Feature","properties":{"name":"裕品馨食品有限公司","city":"新北市","district":"新莊區","address":"新北市新莊區中正路721巷3號(1、2樓)"},"geometry":{"type":"Point","coordinates":[121.42381235971,25.0287495616895]}},{"type":"Feature","properties":{"name":"漢馨科技有限公司","city":"新北市","district":"中和區","address":"新北市中和區立德街89號5樓"},"geometry":{"type":"Point","coordinates":[121.485707286567,25.0084151978048]}},{"type":"Feature","properties":{"name":"查理布朗有限公司","city":"新北市","district":"三重區","address":"新北市三重區中興北街156號1樓"},"geometry":{"type":"Point","coordinates":[121.468936328345,25.0568063743772]}},{"type":"Feature","properties":{"name":"青益企業有限公司","city":"新北市","district":"樹林區","address":"新北市樹林區佳園路2段61之5號1、2樓"},"geometry":{"type":"Point","coordinates":[121.391386964965,24.9613578068866]}},{"type":"Feature","properties":{"name":"太魯閣國際股份有限公司三重廠","city":"新北市","district":"三重區","address":"新北市三重區中正北路193巷41號1樓"},"geometry":{"type":"Point","coordinates":[121.475703717556,25.0709590553353]}},{"type":"Feature","properties":{"name":"弘梅有限公司新莊廠","city":"新北市","district":"新莊區","address":"新北市新莊區五權一路5號4樓之2"},"geometry":{"type":"Point","coordinates":[121.457934508101,25.0661722619781]}},{"type":"Feature","properties":{"name":"鼎耀國際食品股份有限公司","city":"新北市","district":"新店區","address":"新北市新店區寶中路94號及94之1號(1樓)"},"geometry":{"type":"Point","coordinates":[121.548985153108,24.9799118729948]}},{"type":"Feature","properties":{"name":"合廣有限公司汐止廠","city":"新北市","district":"汐止區","address":"新北市汐止區福德一路351巷9號1樓"},"geometry":{"type":"Point","coordinates":[121.62962584201,25.0613677930016]}},{"type":"Feature","properties":{"name":"科麥股份有限公司(汐止廠)","city":"新北市","district":"汐止區","address":"新北市汐止區康寧街169巷31之1號13樓及13樓之3"},"geometry":{"type":"Point","coordinates":[121.622626784935,25.0695574716309]}},{"type":"Feature","properties":{"name":"雪坊志業股份有限公司","city":"新北市","district":"中和區","address":"新北市中和區員山路502號7樓之3"},"geometry":{"type":"Point","coordinates":[121.479773925873,25.007398220674]}},{"type":"Feature","properties":{"name":"泳賀食品企業有限公司","city":"新北市","district":"新莊區","address":"新北市新莊區雙鳳路73巷25號(1樓)"},"geometry":{"type":"Point","coordinates":[121.414703415531,25.0266641377502]}},{"type":"Feature","properties":{"name":"布列德麵包股份有限公司五股廠","city":"新北市","district":"五股區","address":"新北市五股區五工六路53之2號(2樓)"},"geometry":{"type":"Point","coordinates":[121.445962044867,25.0673606141433]}},{"type":"Feature","properties":{"name":"元素生化科技有限公司","city":"新北市","district":"中和區","address":"新北市中和區立德街148巷2、6、8號7樓"},"geometry":{"type":"Point","coordinates":[121.487268311854,25.008756451582]}},{"type":"Feature","properties":{"name":"百莉製冰廠有限公司泰山廠","city":"新北市","district":"泰山區","address":"新北市泰山區泰林路2段292巷26號(1樓)"},"geometry":{"type":"Point","coordinates":[121.431632781366,25.0634641484961]}},{"type":"Feature","properties":{"name":"海子企業有限公司","city":"新北市","district":"新莊區","address":"新北市新莊區五權一路5號2樓(221室)"},"geometry":{"type":"Point","coordinates":[121.457934508101,25.0661722619781]}},{"type":"Feature","properties":{"name":"志遠食品廠","city":"新北市","district":"五股區","address":"新北市五股區五權八路39號之1"},"geometry":{"type":"Point","coordinates":[121.448898347835,25.0693013956772]}},{"type":"Feature","properties":{"name":"向唐食品有限公司","city":"新北市","district":"中和區","address":"新北市中和區建三路75號(1樓)"},"geometry":{"type":"Point","coordinates":[121.486286090926,25.001264325775]}},{"type":"Feature","properties":{"name":"儀諭企業社","city":"新北市","district":"三重區","address":"新北市三重區中正北路530巷11號1樓"},"geometry":{"type":"Point","coordinates":[121.471897236076,25.0710468205742]}},{"type":"Feature","properties":{"name":"愷得食品有限公司","city":"新北市","district":"深坑區","address":"新北市深坑區北深路三段286巷23號1、2、3樓"},"geometry":{"type":"Point","coordinates":[121.596679333802,25.0061982801695]}},{"type":"Feature","properties":{"name":"天納原企業有限公司","city":"新北市","district":"新莊區","address":"新北市新莊區中正路514巷105弄72號"},"geometry":{"type":"Point","coordinates":[121.428993721678,25.0340671323078]}},{"type":"Feature","properties":{"name":"捷安商實業股份有限公司","city":"新北市","district":"三重區","address":"新北市三重區光復路1段82之8號(1、2樓)"},"geometry":{"type":"Point","coordinates":[121.471908728226,25.0504358174233]}},{"type":"Feature","properties":{"name":"富茂香生物科技有限公司","city":"新北市","district":"新店區","address":"新北市新店區寶興路45巷8弄4號5樓"},"geometry":{"type":"Point","coordinates":[121.550140692714,24.9745837716302]}},{"type":"Feature","properties":{"name":"世紀冷凍食品有限公司","city":"新北市","district":"土城區","address":"新北市土城區金城路3段202之1號1樓"},"geometry":{"type":"Point","coordinates":[121.46938020121,24.9879070428303]}},{"type":"Feature","properties":{"name":"柏泰食品興業股份有限公司二廠","city":"新北市","district":"新店區","address":"新北市新店區寶橋路235巷1弄2、4號5樓"},"geometry":{"type":"Point","coordinates":[121.55120701962,24.9803346702698]}},{"type":"Feature","properties":{"name":"霜囍有限公司","city":"新北市","district":"新莊區","address":"新北市新莊區民安西路480巷7號2樓"},"geometry":{"type":"Point","coordinates":[121.431909457292,25.0069827965317]}},{"type":"Feature","properties":{"name":"媽媽家食品企業有限公司","city":"新北市","district":"林口區","address":"新北市林口區工九路13之1號1樓"},"geometry":{"type":"Point","coordinates":[121.400878968,25.0760228977]}},{"type":"Feature","properties":{"name":"豐稷食品有限公司新店廠","city":"新北市","district":"新店區","address":"新北市新店區寶興路45巷1、3號4樓"},"geometry":{"type":"Point","coordinates":[121.549864767501,24.973822801186]}},{"type":"Feature","properties":{"name":"嘉毓企業有限公司","city":"新北市","district":"八里區","address":"新北市八里區頂寮一街28巷13號1、2樓"},"geometry":{"type":"Point","coordinates":[121.4107271,25.1575376947]}},{"type":"Feature","properties":{"name":"大洪興業有限公司","city":"新北市","district":"樹林區","address":"新北市樹林區俊興街273號1、2樓"},"geometry":{"type":"Point","coordinates":[121.418443311107,25.0180093988419]}},{"type":"Feature","properties":{"name":"台灣善商股份有限公司","city":"新北市","district":"五股區","address":"新北市五股區五權八路42號"},"geometry":{"type":"Point","coordinates":[121.449143907814,25.0692217395462]}},{"type":"Feature","properties":{"name":"貝諾有限公司","city":"新北市","district":"三重區","address":"新北市三重區光復路二段88巷33號"},"geometry":{"type":"Point","coordinates":[121.470351750235,25.0574604562457]}},{"type":"Feature","properties":{"name":"榮騰農產股份有限公司","city":"新北市","district":"三重區","address":"新北市三重區光復路1段111之1號"},"geometry":{"type":"Point","coordinates":[121.472206876144,25.0517989370988]}},{"type":"Feature","properties":{"name":"好滿鎰有限公司","city":"新北市","district":"樹林區","address":"新北市樹林區民權街5巷2號"},"geometry":{"type":"Point","coordinates":[121.395224850253,24.9575840787683]}},{"type":"Feature","properties":{"name":"柴神興業有限公司","city":"新北市","district":"三重區","address":"新北市三重區溪尾街108巷46弄23號"},"geometry":{"type":"Point","coordinates":[121.48863976969,25.0781221068981]}},{"type":"Feature","properties":{"name":"長珍食品有限公司","city":"新北市","district":"樹林區","address":"新北市樹林區東順街82-4號2樓"},"geometry":{"type":"Point","coordinates":[121.409583969664,24.9765343896503]}},{"type":"Feature","properties":{"name":"路易莎咖啡有限公司","city":"新北市","district":"新莊區","address":"新北市新莊區建國一路55號1樓"},"geometry":{"type":"Point","coordinates":[121.434051465992,25.0309266012909]}},{"type":"Feature","properties":{"name":"百合國際企業有限公司","city":"新北市","district":"汐止區","address":"新北市汐止區康寧街169巷27之1號10樓之2"},"geometry":{"type":"Point","coordinates":[121.622649888738,25.0687745755058]}},{"type":"Feature","properties":{"name":"台益食品企業有限公司","city":"新北市","district":"淡水區","address":"新北市淡水區中正東路1段3巷25號6樓"},"geometry":{"type":"Point","coordinates":[121.451924913497,25.1658192376376]}},{"type":"Feature","properties":{"name":"鮮元食品有限公司","city":"新北市","district":"三重區","address":"新北市三重區中正北路428巷9號(1樓)"},"geometry":{"type":"Point","coordinates":[121.474491385092,25.0704557059675]}},{"type":"Feature","properties":{"name":"永縉食品包裝有限公司","city":"新北市","district":"鶯歌區","address":"新北市鶯歌區中正三路156巷8之10號(2、3樓)"},"geometry":{"type":"Point","coordinates":[121.333152708041,24.9404245533238]}},{"type":"Feature","properties":{"name":"瑞士達實業股份有限公司大同廠","city":"新北市","district":"汐止區","address":"新北市汐止區大同路2段135號7樓"},"geometry":{"type":"Point","coordinates":[121.650888171774,25.0641042983179]}},{"type":"Feature","properties":{"name":"和美早餐店","city":"新北市","district":"土城區","address":"新北市土城區裕民路136巷6弄1號1樓"},"geometry":{"type":"Point","coordinates":[121.450775016728,24.9853864176582]}},{"type":"Feature","properties":{"name":"生態綠股份有限公司","city":"新北市","district":"三重區","address":"新北市三重區中興北街131之17號1、2樓"},"geometry":{"type":"Point","coordinates":[121.469554420015,25.0502709802012]}},{"type":"Feature","properties":{"name":"富聖養生實業有限公司","city":"新北市","district":"新店區","address":"新北市新店區寶橋路235巷16弄7號7樓"},"geometry":{"type":"Point","coordinates":[121.552037471027,24.9812261489442]}},{"type":"Feature","properties":{"name":"賞味佳食品工業有限公司","city":"新北市","district":"三芝區","address":"新北市三芝區古庄里四棧橋27之1號"},"geometry":{"type":"Point","coordinates":[121.486186277342,25.2605885755553]}},{"type":"Feature","properties":{"name":"展裕國際有限公司","city":"新北市","district":"中和區","address":"新北市中和區中正路766號7樓"},"geometry":{"type":"Point","coordinates":[121.48531650184,24.9996412745907]}},{"type":"Feature","properties":{"name":"盛宇行","city":"新北市","district":"樹林區","address":"新北市樹林區東興街27號(1樓)"},"geometry":{"type":"Point","coordinates":[121.4103777707,24.9782150530186]}},{"type":"Feature","properties":{"name":"立杰國際有限公司","city":"新北市","district":"新莊區","address":"新北市新莊區民安路437號(1樓)"},"geometry":{"type":"Point","coordinates":[121.434218515344,25.0226211279321]}},{"type":"Feature","properties":{"name":"諾蔓食品烘焙店","city":"新北市","district":"淡水區","address":"新北市淡水區民生路48號4樓"},"geometry":{"type":"Point","coordinates":[121.461803565661,25.1378095228133]}},{"type":"Feature","properties":{"name":"薩摩亞商璽睿股份有限公司台灣分公司","city":"新北市","district":"五股區","address":"新北市五股區五權二路23號"},"geometry":{"type":"Point","coordinates":[121.457349575543,25.0670358712627]}},{"type":"Feature","properties":{"name":"鼎昌實業有限公司","city":"新北市","district":"中和區","address":"新北市中和區建八路139巷2號(1樓)"},"geometry":{"type":"Point","coordinates":[121.490254413029,24.9989421963227]}},{"type":"Feature","properties":{"name":"品軒事業有限公司","city":"新北市","district":"新店區","address":"新北市新店區寶興路45巷6弄9號3樓"},"geometry":{"type":"Point","coordinates":[121.550715719078,24.9742472304816]}},{"type":"Feature","properties":{"name":"活絡生物科技有限公司","city":"新北市","district":"泰山區","address":"新北市泰山區貴鳳街26之6號(2樓)"},"geometry":{"type":"Point","coordinates":[121.423005863829,25.0301474128822]}},{"type":"Feature","properties":{"name":"黑堂有限公司新莊廠","city":"新北市","district":"新莊區","address":"新北市新莊區新樹路302巷7號(1、2樓)"},"geometry":{"type":"Point","coordinates":[121.43208985093,25.0065612240161]}},{"type":"Feature","properties":{"name":"甲寅國際興業有限公司二廠","city":"新北市","district":"新莊區","address":"新北市新莊區化成路190巷3、5號(1樓)"},"geometry":{"type":"Point","coordinates":[121.466098843029,25.0462902482678]}},{"type":"Feature","properties":{"name":"益同商行","city":"新北市","district":"板橋區","address":"新北市板橋區大觀路1段28巷108之1號1樓"},"geometry":{"type":"Point","coordinates":[121.450190272888,25.0113229231264]}},{"type":"Feature","properties":{"name":"郁香食品有限公司","city":"新北市","district":"新莊區","address":"新北市新莊區瓊林南路187巷32號之4"},"geometry":{"type":"Point","coordinates":[121.435039097198,25.0090233160861]}},{"type":"Feature","properties":{"name":"福圓號食品有限公司","city":"新北市","district":"新店區","address":"新北市新店區寶中路95之2號(1、2、3樓)"},"geometry":{"type":"Point","coordinates":[121.548716054529,24.9807564093347]}},{"type":"Feature","properties":{"name":"傳恩食品有限公司鶯歌廠","city":"新北市","district":"鶯歌區","address":"新北市鶯歌區鶯桃路61之3號(1樓)"},"geometry":{"type":"Point","coordinates":[121.341497943444,24.9526064207364]}},{"type":"Feature","properties":{"name":"聖力達生物科技有限公司","city":"新北市","district":"三峽區","address":"新北市三峽區介壽路三段203號1樓"},"geometry":{"type":"Point","coordinates":[121.402222912425,24.9441688564996]}},{"type":"Feature","properties":{"name":"尚品烘焙坊","city":"新北市","district":"蘆洲區","address":"新北市蘆洲區民族路422巷82弄16號"},"geometry":{"type":"Point","coordinates":[121.473835940121,25.0938125737231]}},{"type":"Feature","properties":{"name":"富侑食品有限公司","city":"新北市","district":"樹林區","address":"新北市樹林區民權街5巷19弄20號(1、2樓)"},"geometry":{"type":"Point","coordinates":[121.395452849778,24.9589693602333]}},{"type":"Feature","properties":{"name":"義興湯圓行","city":"新北市","district":"三重區","address":"新北市三重區車路頭街51巷20號"},"geometry":{"type":"Point","coordinates":[121.485287308595,25.0725947721243]}},{"type":"Feature","properties":{"name":"旺榮利食品股份有限公司","city":"新北市","district":"樹林區","address":"新北市樹林區俊安街43號"},"geometry":{"type":"Point","coordinates":[121.420258110103,25.0127757215331]}},{"type":"Feature","properties":{"name":"橘村屋食品有限公司","city":"新北市","district":"五股區","address":"新北市五股區五工五路31號"},"geometry":{"type":"Point","coordinates":[121.452483212097,25.0641719776154]}},{"type":"Feature","properties":{"name":"睿美食品行","city":"新北市","district":"板橋區","address":"新北市板橋區縣民大道3段133巷3號"},"geometry":{"type":"Point","coordinates":[121.47744970525,25.0234252322711]}},{"type":"Feature","properties":{"name":"鮮享股份有限公司","city":"新北市","district":"汐止區","address":"新北市汐止區大同路1段276之1號10樓"},"geometry":{"type":"Point","coordinates":[121.634327435757,25.057303682294]}},{"type":"Feature","properties":{"name":"介宏國際有限公司","city":"新北市","district":"汐止區","address":"新北市汐止區福德一路392巷23號4樓"},"geometry":{"type":"Point","coordinates":[121.626247534089,25.0614391411432]}},{"type":"Feature","properties":{"name":"禾豚有限公司","city":"新北市","district":"樹林區","address":"新北市樹林區三俊街87號(1樓)"},"geometry":{"type":"Point","coordinates":[121.416370378379,25.0154760603543]}},{"type":"Feature","properties":{"name":"冠睿有限公司","city":"新北市","district":"土城區","address":"新北市土城區慶樂街53號1、2樓"},"geometry":{"type":"Point","coordinates":[121.437123875853,24.9737193934256]}},{"type":"Feature","properties":{"name":"東方聚利食品工業有限公司","city":"新北市","district":"汐止區","address":"新北市汐止區福德一路413號(1樓)"},"geometry":{"type":"Point","coordinates":[121.627010072872,25.0600960446773]}},{"type":"Feature","properties":{"name":"日新豆腐店","city":"新北市","district":"深坑區","address":"新北市深坑區北深路3段43-1號"},"geometry":{"type":"Point","coordinates":[121.608272996414,25.0012034184707]}},{"type":"Feature","properties":{"name":"大登食品有限公司","city":"新北市","district":"新店區","address":"新北市新店區寶橋路235巷16弄5號1樓"},"geometry":{"type":"Point","coordinates":[121.551836754643,24.9810943259239]}},{"type":"Feature","properties":{"name":"鵝之鄉食品行","city":"新北市","district":"三重區","address":"新北市三重區福德南路33-1號"},"geometry":{"type":"Point","coordinates":[121.502781999627,25.0625492997379]}},{"type":"Feature","properties":{"name":"旺萊食品有限公司","city":"新北市","district":"中和區","address":"新北市中和區立德街72巷12號"},"geometry":{"type":"Point","coordinates":[121.487894842116,25.0081022817552]}},{"type":"Feature","properties":{"name":"羿方有限公司","city":"新北市","district":"新莊區","address":"新北市新莊區化成路892號(1樓)"},"geometry":{"type":"Point","coordinates":[121.464711271958,25.0615426079004]}},{"type":"Feature","properties":{"name":"優而品國際有限公司","city":"新北市","district":"泰山區","address":"新北市泰山區貴鳳街1號4樓"},"geometry":{"type":"Point","coordinates":[121.421435306527,25.0315141199838]}},{"type":"Feature","properties":{"name":"正永傳貿易有限公司","city":"新北市","district":"樹林區","address":"新北市樹林區中山路2段151巷15弄54號"},"geometry":{"type":"Point","coordinates":[121.408361763945,24.9766332756197]}},{"type":"Feature","properties":{"name":"群達蛋品有限公司","city":"新北市","district":"土城區","address":"新北市土城區永豐路195巷2之4號2樓"},"geometry":{"type":"Point","coordinates":[121.471302737848,24.9780973351185]}},{"type":"Feature","properties":{"name":"嘉赫食品有限公司","city":"新北市","district":"新北市","address":"\"新北市中和區員山路466巷27號1樓"},"geometry":{"type":"Point","coordinates":[2766590.38,121.481270038906]}},{"type":"Feature","properties":{"name":"麒福食品工業有限公司","city":"新北市","district":"汐止區","address":"新北市汐止區福德二路234號2樓"},"geometry":{"type":"Point","coordinates":[121.628582385536,25.0648671822715]}},{"type":"Feature","properties":{"name":"德默特爾烘焙事業有限公司","city":"新北市","district":"新莊區","address":"新北市新莊區五權一路11號8樓之1"},"geometry":{"type":"Point","coordinates":[121.459282824426,25.0676658090974]}},{"type":"Feature","properties":{"name":"龍美食品廠","city":"新北市","district":"五股區","address":"新北市五股區五權二路29號(1樓)"},"geometry":{"type":"Point","coordinates":[121.457709633377,25.0674089229121]}},{"type":"Feature","properties":{"name":"台味開發有限公司","city":"新北市","district":"樹林區","address":"新北市樹林區佳園路3段101巷62弄52-15號"},"geometry":{"type":"Point","coordinates":[121.39707317601,24.9452369157994]}},{"type":"Feature","properties":{"name":"富貴得實業有限公司新莊二廠","city":"新北市","district":"新莊區","address":"新北市新莊區五工五路27號7樓"},"geometry":{"type":"Point","coordinates":[121.453296301509,25.0636150638134]}},{"type":"Feature","properties":{"name":"仕奇生技股份有限公司","city":"新北市","district":"樹林區","address":"新北市樹林區大安路528號6樓"},"geometry":{"type":"Point","coordinates":[121.413662469266,24.9863408404416]}},{"type":"Feature","properties":{"name":"亞詮餐飲事業股份有限公司","city":"新北市","district":"新店區","address":"新北市新店區民權路42巷59弄10號2樓"},"geometry":{"type":"Point","coordinates":[121.538184730328,24.9836213213647]}},{"type":"Feature","properties":{"name":"全利洋企業有限公司","city":"新北市","district":"中和區","address":"新北市中和區立德街98巷125號(1層、2層)"},"geometry":{"type":"Point","coordinates":[121.488981326747,25.007759517477]}},{"type":"Feature","properties":{"name":"泰佶食品行","city":"新北市","district":"三峽區","address":"新北市三峽區三樹路350號1樓左段"},"geometry":{"type":"Point","coordinates":[121.377487131,24.93743743]}},{"type":"Feature","properties":{"name":"香臨食品股份有限公司","city":"新北市","district":"三重區","address":"新北市三重區新北大道2段139巷25號、27號(3樓)"},"geometry":{"type":"Point","coordinates":[121.466645697102,25.0603708268867]}},{"type":"Feature","properties":{"name":"德盛製麵股份有限公司","city":"新北市","district":"樹林區","address":"新北市樹林區八德街280巷3號(3樓)"},"geometry":{"type":"Point","coordinates":[121.410479270424,24.9704175832109]}},{"type":"Feature","properties":{"name":"勝興食品加工廠有限公司(三峽廠)","city":"新北市","district":"三峽區","address":"新北市三峽區添福14之34號(1樓)"},"geometry":{"type":"Point","coordinates":[121.373573460728,24.9022880706557]}},{"type":"Feature","properties":{"name":"豐品食品有限公司中和一廠","city":"新北市","district":"中和區","address":"新北市中和區連城路222巷6弄7號1樓"},"geometry":{"type":"Point","coordinates":[121.491068727538,24.997992390516]}},{"type":"Feature","properties":{"name":"百傑國際食品有限公司新莊廠","city":"新北市","district":"新莊區","address":"新北市新莊區民安西路482、482之1號1、2樓"},"geometry":{"type":"Point","coordinates":[121.432273569209,25.0072999740201]}},{"type":"Feature","properties":{"name":"和生御品股份有限公司深坑廠","city":"新北市","district":"深坑區","address":"新北市深坑區北深路3段270巷5號2樓"},"geometry":{"type":"Point","coordinates":[121.5984202275,25.0053055879463]}},{"type":"Feature","properties":{"name":"英雄食品行","city":"新北市","district":"新店區","address":"新北市新店區寶興路45巷6弄2號1樓"},"geometry":{"type":"Point","coordinates":[121.550185214809,24.9739888266381]}},{"type":"Feature","properties":{"name":"柏鈞食品股份有限公司","city":"新北市","district":"三峽區","address":"新北市三峽區嘉添里嘉添181之14號"},"geometry":{"type":"Point","coordinates":[121.389886567333,24.9027693859639]}},{"type":"Feature","properties":{"name":"宇馨生技食品股份有限公司","city":"新北市","district":"樹林區","address":"新北市樹林區忠信街4號1樓"},"geometry":{"type":"Point","coordinates":[121.40927364557,25.0152823153952]}},{"type":"Feature","properties":{"name":"陳明樹油行","city":"新北市","district":"石門區","address":"新北市石門區崁子腳30號之3"},"geometry":{"type":"Point","coordinates":[121.567748839,25.291395879]}},{"type":"Feature","properties":{"name":"月桂香食品行","city":"新北市","district":"新莊區","address":"新北市新莊區五權一路5號之2(1樓)"},"geometry":{"type":"Point","coordinates":[121.457934508101,25.0661722619781]}},{"type":"Feature","properties":{"name":"富凰企業股份有限公司","city":"新北市","district":"新莊區","address":"新北市新莊區五權二路20號之1(2樓)"},"geometry":{"type":"Point","coordinates":[121.457251452853,25.0665577487926]}},{"type":"Feature","properties":{"name":"興德旺食品有限公司","city":"新北市","district":"中和區","address":"新北市中和區員山路611巷4弄33之3號1樓"},"geometry":{"type":"Point","coordinates":[121.476442214475,25.011150096841]}},{"type":"Feature","properties":{"name":"英屬維京群島商皮可吉科技股份有限公司台灣分公司","city":"新北市","district":"中和區","address":"新北市中和區中正路736號17樓之5"},"geometry":{"type":"Point","coordinates":[121.485553381735,24.9978887207126]}},{"type":"Feature","properties":{"name":"連淨綠色科技股份有限公司","city":"新北市","district":"新店區","address":"新北市新店區寶興路45巷9弄2號1樓"},"geometry":{"type":"Point","coordinates":[121.54974279243,24.9746795928362]}},{"type":"Feature","properties":{"name":"紅仕食品有限公司","city":"新北市","district":"八里區","address":"新北市八里區頂寮一街28巷8號"},"geometry":{"type":"Point","coordinates":[121.4107271,25.1575376947]}},{"type":"Feature","properties":{"name":"威承貿易有限公司","city":"新北市","district":"三重區","address":"新北市三重區中正北路317巷46號1、2樓"},"geometry":{"type":"Point","coordinates":[121.476600345369,25.0732893254264]}},{"type":"Feature","properties":{"name":"正文肉店","city":"新北市","district":"汐止區","address":"新北市汐止區南陽街265號(2樓)"},"geometry":{"type":"Point","coordinates":[121.628045950843,25.0564395041136]}},{"type":"Feature","properties":{"name":"康和皇家生活事業股份有限公司","city":"新北市","district":"蘆洲區","address":"新北市蘆洲區中山一路95巷22弄14號"},"geometry":{"type":"Point","coordinates":[121.476968896947,25.0802673089238]}},{"type":"Feature","properties":{"name":"中原光合農場股份有限公司三峽二廠","city":"新北市","district":"三峽區","address":"新北市三峽區正義街18號(2樓)"},"geometry":{"type":"Point","coordinates":[121.369231377924,24.9189263176148]}},{"type":"Feature","properties":{"name":"漁路發水產有限公司","city":"新北市","district":"汐止區","address":"新北市汐止區福德一路394號5樓"},"geometry":{"type":"Point","coordinates":[121.627516962286,25.060743708564]}},{"type":"Feature","properties":{"name":"台山冷凍食品有限公司","city":"新北市","district":"土城區","address":"新北市土城區石門路49之1號1、2樓"},"geometry":{"type":"Point","coordinates":[121.458032287059,24.9644357475237]}},{"type":"Feature","properties":{"name":"膳安國際股份有限公司","city":"新北市","district":"五股區","address":"新北市五股區五權二路21號(1、2樓)"},"geometry":{"type":"Point","coordinates":[121.457220351945,25.066891263641]}},{"type":"Feature","properties":{"name":"彭勝食品有限公司","city":"新北市","district":"樹林區","address":"新北市樹林區三俊街213之1號"},"geometry":{"type":"Point","coordinates":[121.420624173446,25.0154472942073]}},{"type":"Feature","properties":{"name":"博東客企業有限公司","city":"新北市","district":"深坑區","address":"新北市深坑區北深路3段111號"},"geometry":{"type":"Point","coordinates":[121.604606290285,25.0018207768698]}},{"type":"Feature","properties":{"name":"海力士國際股份有限公司中和廠","city":"新北市","district":"中和區","address":"新北市中和區中山路2段327巷11弄17號2樓"},"geometry":{"type":"Point","coordinates":[121.493298501604,25.0001286869507]}},{"type":"Feature","properties":{"name":"喜悅雜糧餐包有限公司","city":"新北市","district":"板橋區","address":"新北市板橋區縣民大道3段270巷1號(1、2樓)"},"geometry":{"type":"Point","coordinates":[121.478292141105,25.0234381194689]}},{"type":"Feature","properties":{"name":"北興隆食品有限公司","city":"新北市","district":"新莊區","address":"新北市新莊區五權二路22號3樓之10"},"geometry":{"type":"Point","coordinates":[121.457709739319,25.0670854321319]}},{"type":"Feature","properties":{"name":"喜詮生技股份有限公司","city":"新北市","district":"樹林區","address":"新北市樹林區柑園街2段122巷11、12號2樓"},"geometry":{"type":"Point","coordinates":[121.383856600098,24.9553343945741]}},{"type":"Feature","properties":{"name":"健逢生物科技企業有限公司(動物飼料廠)","city":"新北市","district":"鶯歌區","address":"新北市鶯歌區建國路596巷68號1樓"},"geometry":{"type":"Point","coordinates":[121.341006409821,24.9517585302127]}},{"type":"Feature","properties":{"name":"好年庄食品有限公司","city":"新北市","district":"三芝區","address":"新北市三芝區四棧橋53之15號"},"geometry":{"type":"Point","coordinates":[121.484222628067,25.2653920309631]}},{"type":"Feature","properties":{"name":"心一食品有限公司","city":"新北市","district":"新莊區","address":"新北市新莊區化成路293巷13號(1樓)"},"geometry":{"type":"Point","coordinates":[121.464744991977,25.0551849878164]}},{"type":"Feature","properties":{"name":"和泰興烘焙有限公司","city":"新北市","district":"土城區","address":"新北市土城區承天路4巷2之18號"},"geometry":{"type":"Point","coordinates":[121.436104958548,24.964088614956]}},{"type":"Feature","properties":{"name":"東瀛企業有限公司","city":"新北市","district":"三重區","address":"新北市三重區中正北路530巷29號(1樓)"},"geometry":{"type":"Point","coordinates":[121.471887088325,25.0700416940382]}},{"type":"Feature","properties":{"name":"葉記食品企業有限公司","city":"新北市","district":"中和區","address":"新北市中和區水源路105之5號、107之5號"},"geometry":{"type":"Point","coordinates":[121.507515169909,25.00337146037]}},{"type":"Feature","properties":{"name":"花伊朵國際有限公司","city":"新北市","district":"新莊區","address":"新北市新莊區五工六路12號1樓"},"geometry":{"type":"Point","coordinates":[121.451456112471,25.0616870252429]}},{"type":"Feature","properties":{"name":"一禾泰興業有限公司","city":"新北市","district":"三峽區","address":"新北市三峽區成福路105巷29號"},"geometry":{"type":"Point","coordinates":[121.418559045819,24.9332980665474]}},{"type":"Feature","properties":{"name":"好神國際股份有限公司中和廠","city":"新北市","district":"中和區","address":"新北市中和區建八路152巷3號(1樓)"},"geometry":{"type":"Point","coordinates":[121.48988070586,24.9982110820414]}},{"type":"Feature","properties":{"name":"裕昌咖啡有限公司","city":"新北市","district":"三重區","address":"新北市三重區中正北路193巷35弄50號(1樓)"},"geometry":{"type":"Point","coordinates":[121.477759883257,25.0713085781673]}},{"type":"Feature","properties":{"name":"達弘食品有限公司新莊廠","city":"新北市","district":"新莊區","address":"新北市新莊區化成路11巷60號"},"geometry":{"type":"Point","coordinates":[121.462490923054,25.0435258608715]}},{"type":"Feature","properties":{"name":"純美香食品有限公司","city":"新北市","district":"三重區","address":"新北市三重區中興北街204巷13號(1、2樓)"},"geometry":{"type":"Point","coordinates":[121.468301163366,25.0591435598328]}},{"type":"Feature","properties":{"name":"立葳食品有限公司","city":"新北市","district":"蘆洲區","address":"新北市蘆洲區國道路2段1巷52號3樓"},"geometry":{"type":"Point","coordinates":[121.474670190155,25.0730506423348]}},{"type":"Feature","properties":{"name":"北大食品有限公司","city":"新北市","district":"新莊區","address":"新北市新莊區化成路139之1號1樓、139之2號1樓"},"geometry":{"type":"Point","coordinates":[121.465559747629,25.0479592443172]}},{"type":"Feature","properties":{"name":"久沅企業有限公司","city":"新北市","district":"汐止區","address":"新北市汐止區環河街136號1樓"},"geometry":{"type":"Point","coordinates":[121.628435503703,25.0587830959845]}},{"type":"Feature","properties":{"name":"宬揚企業有限公司","city":"新北市","district":"汐止區","address":"新北市汐止區中興路31號2樓之1"},"geometry":{"type":"Point","coordinates":[121.634623471667,25.061767532413]}},{"type":"Feature","properties":{"name":"盧師食品行","city":"新北市","district":"三重區","address":"新北市三重區中興北街170巷11號(2樓)"},"geometry":{"type":"Point","coordinates":[121.467865027118,25.0572702910284]}},{"type":"Feature","properties":{"name":"昊悅國際事業有限公司","city":"新北市","district":"汐止區","address":"新北市汐止區大同路1段181號11樓之2"},"geometry":{"type":"Point","coordinates":[121.632713042048,25.0571289089878]}},{"type":"Feature","properties":{"name":"福成開發食品有限公司土城廠","city":"新北市","district":"土城區","address":"新北市土城區青雲665之8號(1樓)"},"geometry":{"type":"Point","coordinates":[121.442810687,24.9725709758]}},{"type":"Feature","properties":{"name":"連淨綠色科技股份有限公司二廠","city":"新北市","district":"新店區","address":"新北市新店區復興路43號1樓"},"geometry":{"type":"Point","coordinates":[121.537054609865,24.9868321307953]}},{"type":"Feature","properties":{"name":"集宏企業有限公司","city":"新北市","district":"八里區","address":"新北市八里區博物館路131號"},"geometry":{"type":"Point","coordinates":[121.408026043165,25.1583926759691]}},{"type":"Feature","properties":{"name":"一之軒食品有限公司二廠","city":"新北市","district":"新店區","address":"新北市新店區復興路111號9樓"},"geometry":{"type":"Point","coordinates":[121.534171921103,24.9877777981783]}},{"type":"Feature","properties":{"name":"宇樂實業有限公司","city":"新北市","district":"三峽區","address":"新北市三峽區嘉添181-21號2樓"},"geometry":{"type":"Point","coordinates":[121.370029213256,24.9114035290122]}},{"type":"Feature","properties":{"name":"茶客茶業有限公司","city":"新北市","district":"泰山區","address":"新北市泰山區泰林路2段292巷32號(1樓)"},"geometry":{"type":"Point","coordinates":[121.431756496585,25.0636095170853]}},{"type":"Feature","properties":{"name":"大慶食品有限公司","city":"新北市","district":"樹林區","address":"新北市樹林區三俊街199巷20弄16號1樓"},"geometry":{"type":"Point","coordinates":[121.421102884802,25.0172363148713]}},{"type":"Feature","properties":{"name":"珍饌工房有限公司","city":"新北市","district":"板橋區","address":"新北市板橋區廣權路5號2樓"},"geometry":{"type":"Point","coordinates":[121.460491071126,24.9912970782107]}},{"type":"Feature","properties":{"name":"圓荷有限公司","city":"新北市","district":"中和區","address":"新北市中和區員山路581巷31弄7、9、11號(1樓)"},"geometry":{"type":"Point","coordinates":[121.476931668133,25.0102855714702]}},{"type":"Feature","properties":{"name":"聯亞食品有限公司泰山廠","city":"新北市","district":"泰山區","address":"新北市泰山區新北大道6段313巷13弄9號1樓及夾層"},"geometry":{"type":"Point","coordinates":[121.424521038794,25.0337496000258]}},{"type":"Feature","properties":{"name":"世璿食品有限公司","city":"新北市","district":"新莊區","address":"新北市新莊區新樹路67巷40弄8號1樓"},"geometry":{"type":"Point","coordinates":[121.440703809047,25.029983830203]}},{"type":"Feature","properties":{"name":"天晴興業有限公司","city":"新北市","district":"中和區","address":"新北市中和區錦和路3號4樓"},"geometry":{"type":"Point","coordinates":[121.486011988535,25.0041302975233]}},{"type":"Feature","properties":{"name":"元鼎食品生技有限公司","city":"新北市","district":"土城區","address":"新北市土城區自由街15號3樓"},"geometry":{"type":"Point","coordinates":[121.423452057213,24.9664657290217]}},{"type":"Feature","properties":{"name":"統宣生技食品股份有限公司","city":"新北市","district":"中和區","address":"新北市中和區中山路2段352號8樓、356號8樓"},"geometry":{"type":"Point","coordinates":[121.492960881486,25.0025886972262]}},{"type":"Feature","properties":{"name":"王哥肉品商店","city":"新北市","district":"新莊區","address":"新北市新莊區新樹路69之56號1、2樓"},"geometry":{"type":"Point","coordinates":[121.437847857765,25.0277352770987]}},{"type":"Feature","properties":{"name":"金華國際食品有限公司","city":"新北市","district":"樹林區","address":"新北市樹林區樹德街35號（3樓）"},"geometry":{"type":"Point","coordinates":[121.42160481862,24.9917081178801]}},{"type":"Feature","properties":{"name":"品元實業股份有限公司博物館廠","city":"新北市","district":"八里區","address":"新北市八里區博物館路75號1、2、3樓"},"geometry":{"type":"Point","coordinates":[121.410986564242,25.1604422964398]}},{"type":"Feature","properties":{"name":"呷味軒實業有限公司","city":"新北市","district":"新莊區","address":"新北市新莊區中信街51巷4弄12號(1樓)"},"geometry":{"type":"Point","coordinates":[121.449177603729,25.0503327296752]}},{"type":"Feature","properties":{"name":"特里股份有限公司","city":"新北市","district":"三重區","address":"新北市三重區中興北街180巷12號"},"geometry":{"type":"Point","coordinates":[121.468255999948,25.0577487092011]}},{"type":"Feature","properties":{"name":"久榮興食品有限公司","city":"新北市","district":"中和區","address":"新北市中和區中板路17號(1、2樓)"},"geometry":{"type":"Point","coordinates":[121.484236459787,25.0116979227322]}},{"type":"Feature","properties":{"name":"亞茜股份有限公司","city":"新北市","district":"五股區","address":"新北市五股區五工二路124號(2樓)"},"geometry":{"type":"Point","coordinates":[121.455298482602,25.0702777127415]}},{"type":"Feature","properties":{"name":"勁揚國際餐飲股份有限公司","city":"新北市","district":"五股區","address":"新北市五股區五權七路20號8樓"},"geometry":{"type":"Point","coordinates":[121.44853672653,25.0664278377459]}},{"type":"Feature","properties":{"name":"堡晟興業有限公司","city":"新北市","district":"八里區","address":"新北市八里區龍米路2段62號"},"geometry":{"type":"Point","coordinates":[121.448218928894,25.1412301311445]}},{"type":"Feature","properties":{"name":"合力食品社","city":"新北市","district":"樹林區","address":"新北市樹林區民權街5巷19弄18號1、2樓"},"geometry":{"type":"Point","coordinates":[121.395473999626,24.9589160320018]}},{"type":"Feature","properties":{"name":"穎祥國際有限公司食品一廠","city":"新北市","district":"汐止區","address":"新北市汐止區康寧街169巷31號6樓之3"},"geometry":{"type":"Point","coordinates":[121.622626784935,25.0695574716309]}},{"type":"Feature","properties":{"name":"日華好物有限公司","city":"新北市","district":"新店區","address":"新北市新店區中正路499號7樓"},"geometry":{"type":"Point","coordinates":[121.533574404722,24.9835049229906]}},{"type":"Feature","properties":{"name":"薩摩亞商客來喜餐飲股份有限公司台灣分公司-二廠","city":"新北市","district":"新店區","address":"新北市新店區復興路45號(1樓)"},"geometry":{"type":"Point","coordinates":[121.536760109422,24.9868894377205]}},{"type":"Feature","properties":{"name":"鈞展企業社","city":"新北市","district":"新莊區","address":"新北市新莊區福營路165巷9號1樓"},"geometry":{"type":"Point","coordinates":[121.432193575652,25.0310357564372]}},{"type":"Feature","properties":{"name":"燕萃生技股份有限公司","city":"新北市","district":"汐止區","address":"新北市汐止區福德一路403號"},"geometry":{"type":"Point","coordinates":[121.627322777836,25.0603377801662]}},{"type":"Feature","properties":{"name":"北鑫食品商行","city":"新北市","district":"三峽區","address":"新北市三峽區介壽路一段402號1樓"},"geometry":{"type":"Point","coordinates":[121.383827155654,24.9308081150512]}},{"type":"Feature","properties":{"name":"展裕國際有限公司二廠","city":"新北市","district":"中和區","address":"新北市中和區中正路756號3樓"},"geometry":{"type":"Point","coordinates":[121.485429670701,24.9990915030624]}},{"type":"Feature","properties":{"name":"欣隆食品有限公司南陽廠","city":"新北市","district":"汐止區","address":"新北市汐止區南陽街121巷19號1樓"},"geometry":{"type":"Point","coordinates":[121.625060900087,25.0609568546505]}},{"type":"Feature","properties":{"name":"鮮享股份有限公司二廠","city":"新北市","district":"汐止區","address":"新北市汐止區大同路1段276號6樓"},"geometry":{"type":"Point","coordinates":[121.634327435757,25.057303682294]}},{"type":"Feature","properties":{"name":"鼎裕屋食品股份有限公司","city":"新北市","district":"泰山區","address":"新北市泰山區新北大道6段385號1樓"},"geometry":{"type":"Point","coordinates":[121.421794687541,25.0323491912232]}},{"type":"Feature","properties":{"name":"甄香食品行","city":"新北市","district":"土城區","address":"新北市土城區亞洲路32巷16號(1樓)"},"geometry":{"type":"Point","coordinates":[121.435615857229,24.9746641052678]}},{"type":"Feature","properties":{"name":"建泰食品有限公司","city":"新北市","district":"土城區","address":"新北市土城區日新街37巷3號"},"geometry":{"type":"Point","coordinates":[121.44275666251,24.9880059763849]}},{"type":"Feature","properties":{"name":"德斯丹有限公司","city":"新北市","district":"新莊區","address":"新北市新莊區五權一路5號6樓之6"},"geometry":{"type":"Point","coordinates":[121.457934508101,25.0661722619781]}},{"type":"Feature","properties":{"name":"龍信食品股份有限公司","city":"新北市","district":"中和區","address":"新北市中和區立德街120號4樓"},"geometry":{"type":"Point","coordinates":[121.486945758442,25.0087240677177]}},{"type":"Feature","properties":{"name":"湘鄉食品有限公司福德二廠","city":"新北市","district":"汐止區","address":"新北市汐止區福德一路405巷8、10號(1樓)"},"geometry":{"type":"Point","coordinates":[121.627518234211,25.0596932888558]}},{"type":"Feature","properties":{"name":"家陵企業有限公司","city":"新北市","district":"新莊區","address":"新北市新莊區五權一路5號3樓之7"},"geometry":{"type":"Point","coordinates":[121.457934508101,25.0661722619781]}},{"type":"Feature","properties":{"name":"路易莎職人咖啡股份有限公司(三重廠)","city":"新北市","district":"三重區","address":"新北市三重區中興北街177、179號(7樓)"},"geometry":{"type":"Point","coordinates":[121.469093517596,25.0562153947724]}},{"type":"Feature","properties":{"name":"士峯食品有限公司(寶興廠)","city":"新北市","district":"新店區","address":"新北市新店區寶興路60巷4號1樓"},"geometry":{"type":"Point","coordinates":[121.549819767347,24.9719514200378]}},{"type":"Feature","properties":{"name":"滿意油飯有限公司","city":"新北市","district":"新店區","address":"新北市新店區寶興路60巷32號1樓"},"geometry":{"type":"Point","coordinates":[121.548741817797,24.9717463827032]}},{"type":"Feature","properties":{"name":"台灣安亞生物科技股份有限公司","city":"新北市","district":"新店區","address":"新北市新店區寶橋路235巷123號4樓"},"geometry":{"type":"Point","coordinates":[121.550826744203,24.9833111787646]}},{"type":"Feature","properties":{"name":"國鼎生物科技股份有限公司淡水六廠","city":"新北市","district":"淡水區","address":"新北市淡水區下圭柔山71之2號"},"geometry":{"type":"Point","coordinates":[121.445871488746,25.2049434602762]}},{"type":"Feature","properties":{"name":"高坑有限公司(樹林廠)","city":"新北市","district":"樹林區","address":"新北市樹林區中華路379巷19弄1號(2.3.4樓)"},"geometry":{"type":"Point","coordinates":[121.413809232376,24.9787965028139]}},{"type":"Feature","properties":{"name":"湛盧實業股份有限公司","city":"新北市","district":"深坑區","address":"新北市深坑區北深路3段270巷16號4樓之5"},"geometry":{"type":"Point","coordinates":[121.59914549152,25.0059675012797]}},{"type":"Feature","properties":{"name":"煌翔貿易有限公司","city":"新北市","district":"三重區","address":"新北市三重區光復路2段88巷26號1樓、夾層及2樓"},"geometry":{"type":"Point","coordinates":[121.470865405643,25.0573747479196]}},{"type":"Feature","properties":{"name":"宥信食品有限公司五工廠","city":"新北市","district":"五股區","address":"新北市五股區五工二路105號(1樓)"},"geometry":{"type":"Point","coordinates":[121.457235652688,25.0681718880533]}},{"type":"Feature","properties":{"name":"福潤食品股份有限公司","city":"新北市","district":"蘆洲區","address":"新北市蘆洲區國道路二段1巷52號4樓"},"geometry":{"type":"Point","coordinates":[121.474670190155,25.0730506423348]}},{"type":"Feature","properties":{"name":"哈肯舖股份有限公司二廠","city":"新北市","district":"新店區","address":"新北市新店區寶興路45巷3號3樓"},"geometry":{"type":"Point","coordinates":[121.549864767501,24.973822801186]}},{"type":"Feature","properties":{"name":"鮮機食品生技股份有限公司林口廠","city":"新北市","district":"林口區","address":"新北市林口區粉寮路2段20號"},"geometry":{"type":"Point","coordinates":[121.40274981349,25.0860431772538]}},{"type":"Feature","properties":{"name":"普光傳統豆腐店","city":"新北市","district":"新店區","address":"新北市新店區德安里車子路122之2號"},"geometry":{"type":"Point","coordinates":[121.506683551394,24.9514695772186]}},{"type":"Feature","properties":{"name":"圓順科化有限公司","city":"新北市","district":"汐止區","address":"新北市汐止區大同路3段196之1號6樓"},"geometry":{"type":"Point","coordinates":[121.674037092074,25.0734890781009]}},{"type":"Feature","properties":{"name":"洺鈞畜產科技股份有限公司","city":"新北市","district":"新莊區","address":"新北市新莊區五權一路5號4樓之6"},"geometry":{"type":"Point","coordinates":[121.457934508101,25.0661722619781]}},{"type":"Feature","properties":{"name":"太郎實業有限公司","city":"新北市","district":"五股區","address":"新北市五股區中興路1段95巷17號1、2樓及19號1樓"},"geometry":{"type":"Point","coordinates":[121.466629723412,25.0721245284463]}},{"type":"Feature","properties":{"name":"普悅麗國際食品股份有限公司","city":"新北市","district":"新店區","address":"新北市新店區中正路541號3樓"},"geometry":{"type":"Point","coordinates":[121.533426697138,24.9869308624183]}},{"type":"Feature","properties":{"name":"蔡家班有限公司","city":"新北市","district":"新莊區","address":"新北市新莊區建國一路128巷6、8號(1樓)"},"geometry":{"type":"Point","coordinates":[121.434407696838,25.0288338163999]}},{"type":"Feature","properties":{"name":"宏昌食品企業有限公司","city":"新北市","district":"新莊區","address":"新北市新莊區中正路544之3及之4號"},"geometry":{"type":"Point","coordinates":[121.465555445216,25.0419093525363]}},{"type":"Feature","properties":{"name":"虹喬食品有限公司","city":"新北市","district":"汐止區","address":"新北市汐止區大安街52巷10號3樓"},"geometry":{"type":"Point","coordinates":[121.678955246524,25.073406984246]}},{"type":"Feature","properties":{"name":"寶瑩食品有限公司","city":"新北市","district":"樹林區","address":"新北市樹林區俊英街116巷1號(1樓)"},"geometry":{"type":"Point","coordinates":[121.427617516981,25.0057916044936]}},{"type":"Feature","properties":{"name":"山井食品行","city":"新北市","district":"深坑區","address":"新北市深坑區昇高里王軍寮1號之10"},"geometry":{"type":"Point","coordinates":[121.621880848555,24.9857330742663]}},{"type":"Feature","properties":{"name":"奇華股份有限公司五股二廠","city":"新北市","district":"五股區","address":"新北市五股區中興路1段10號6樓之5"},"geometry":{"type":"Point","coordinates":[121.469372598268,25.0727985617605]}},{"type":"Feature","properties":{"name":"常豐食品有限公司","city":"新北市","district":"五股區","address":"新北市五股區成泰路2段147巷27、29、31號"},"geometry":{"type":"Point","coordinates":[121.438661913379,25.0864384809553]}},{"type":"Feature","properties":{"name":"優奇有限公司","city":"新北市","district":"泰山區","address":"新北市泰山區美寧街57巷35弄2號1樓"},"geometry":{"type":"Point","coordinates":[121.429711459734,25.0648754480265]}},{"type":"Feature","properties":{"name":"美淇食品有限公司板橋廠","city":"新北市","district":"板橋區","address":"新北市板橋區干城路142號(1、2)、3、4樓"},"geometry":{"type":"Point","coordinates":[121.45960031984,24.993386001807]}},{"type":"Feature","properties":{"name":"高麗國有限公司","city":"新北市","district":"林口區","address":"新北市林口區工七路4號(1樓)"},"geometry":{"type":"Point","coordinates":[121.399831763,25.0801696412]}},{"type":"Feature","properties":{"name":"廣廣香食品有限公司","city":"新北市","district":"三重區","address":"新北市三重區疏洪西路458號(2、3樓)"},"geometry":{"type":"Point","coordinates":[121.465830817191,25.065001130533]}},{"type":"Feature","properties":{"name":"味真好食品行一廠","city":"新北市","district":"樹林區","address":"新北市樹林區中華路403巷3號"},"geometry":{"type":"Point","coordinates":[121.411082996399,24.9801066961161]}},{"type":"Feature","properties":{"name":"台灣善美的股份有限公司五股廠","city":"新北市","district":"五股區","address":"新北市五股區五工六路35號3、4樓"},"geometry":{"type":"Point","coordinates":[121.447377847093,25.0639504425562]}},{"type":"Feature","properties":{"name":"伊通有限公司","city":"新北市","district":"汐止區","address":"新北市汐止區水源路二段217之3號"},"geometry":{"type":"Point","coordinates":[121.658700940902,25.052516142633]}},{"type":"Feature","properties":{"name":"長榮生醫科技股份有限公司","city":"新北市","district":"汐止區","address":"新北市汐止區新台五路1段114號10樓"},"geometry":{"type":"Point","coordinates":[121.64942679256,25.060719027024]}},{"type":"Feature","properties":{"name":"上林餐飲事業股份有限公司","city":"新北市","district":"新店區","address":"新北市新店區寶興路45巷5號1樓"},"geometry":{"type":"Point","coordinates":[121.549887494704,24.9742192396802]}},{"type":"Feature","properties":{"name":"金鼎研究生化科技有限公司汐止廠","city":"新北市","district":"汐止區","address":"新北市汐止區大同路1段277號1樓"},"geometry":{"type":"Point","coordinates":[121.636486852189,25.058727136984]}},{"type":"Feature","properties":{"name":"來新開發有限公司樹林廠","city":"新北市","district":"樹林區","address":"新北市樹林區三俊街65巷23號(1樓)"},"geometry":{"type":"Point","coordinates":[121.413313710288,25.0169319500865]}},{"type":"Feature","properties":{"name":"華福食品股份有限公司林口二廠","city":"新北市","district":"林口區","address":"新北市林口區粉寮一街83號(1、2樓)、83號3樓"},"geometry":{"type":"Point","coordinates":[121.400138476,25.0769367387]}},{"type":"Feature","properties":{"name":"一之軒食品有限公司三廠","city":"新北市","district":"新店區","address":"新北市新店區復興路111號10樓"},"geometry":{"type":"Point","coordinates":[121.534171921103,24.9877777981783]}},{"type":"Feature","properties":{"name":"東金巴黎食品股份有限公司","city":"新北市","district":"汐止區","address":"新北市汐止區康寧街169巷27號2樓之3"},"geometry":{"type":"Point","coordinates":[121.622649888738,25.0687745755058]}},{"type":"Feature","properties":{"name":"瑞騰國際股份有限公司中和廠","city":"新北市","district":"中和區","address":"新北市中和區建三路81號"},"geometry":{"type":"Point","coordinates":[121.486198348665,25.0009481101852]}},{"type":"Feature","properties":{"name":"辰品食品有限公司","city":"新北市","district":"鶯歌區","address":"新北市鶯歌區八德路2巷18弄10號"},"geometry":{"type":"Point","coordinates":[121.336478899902,24.9472705606458]}},{"type":"Feature","properties":{"name":"和旺食品有限公司","city":"新北市","district":"新莊區","address":"新北市新莊區化成路431巷34號"},"geometry":{"type":"Point","coordinates":[121.463571407695,25.0598681757619]}},{"type":"Feature","properties":{"name":"益合欣興業有限公司","city":"新北市","district":"三峽區","address":"新北市三峽區介壽路一段320號4樓"},"geometry":{"type":"Point","coordinates":[121.380989766596,24.9301205964153]}},{"type":"Feature","properties":{"name":"大鼎食品行","city":"新北市","district":"中和區","address":"新北市中和區立德街200巷48號4樓"},"geometry":{"type":"Point","coordinates":[121.485850829586,25.0102618194396]}},{"type":"Feature","properties":{"name":"尚唐坊股份有限公司","city":"新北市","district":"中和區","address":"新北市中和區新民街118號1樓"},"geometry":{"type":"Point","coordinates":[121.480338576578,25.0085766487015]}},{"type":"Feature","properties":{"name":"萌寶貝御廚餐飲有限公司","city":"新北市","district":"新莊區","address":"新北市新莊區五權三路16號(1樓)"},"geometry":{"type":"Point","coordinates":[121.452672699558,25.0637650671704]}},{"type":"Feature","properties":{"name":"佳千企業社","city":"新北市","district":"汐止區","address":"新北市汐止區康寧街169巷27號7樓之2"},"geometry":{"type":"Point","coordinates":[121.622649888738,25.0687745755058]}},{"type":"Feature","properties":{"name":"廣豪餐飲有限公司","city":"新北市","district":"新莊區","address":"新北市新莊區雙鳳路111號3樓"},"geometry":{"type":"Point","coordinates":[121.413858725241,25.0280806172635]}},{"type":"Feature","properties":{"name":"圓悅企業有限公司","city":"新北市","district":"深坑區","address":"新北市深坑區北深路3段270巷5號5樓及5樓之1"},"geometry":{"type":"Point","coordinates":[121.5984202275,25.0053055879463]}},{"type":"Feature","properties":{"name":"美佳食品有限公司","city":"新北市","district":"板橋區","address":"新北市板橋區干城路142號5樓"},"geometry":{"type":"Point","coordinates":[121.45960031984,24.993386001807]}},{"type":"Feature","properties":{"name":"馥宇行有限公司","city":"新北市","district":"三重區","address":"新北市三重區興德路121號(1樓)"},"geometry":{"type":"Point","coordinates":[121.47088122855,25.0531553965575]}},{"type":"Feature","properties":{"name":"民享肉鬆企業有限公司","city":"新北市","district":"土城區","address":"新北市土城區忠義路55巷62號1樓"},"geometry":{"type":"Point","coordinates":[121.443155403604,24.9672335186608]}},{"type":"Feature","properties":{"name":"鴻展食品生技股份有限公司","city":"新北市","district":"五股區","address":"新北市五股區五權路13號6樓"},"geometry":{"type":"Point","coordinates":[121.448911951085,25.0659227052176]}},{"type":"Feature","properties":{"name":"綠邦商行","city":"新北市","district":"土城區","address":"新北市土城區亞洲路32巷15號(1樓)"},"geometry":{"type":"Point","coordinates":[121.435463454697,24.9746048834673]}},{"type":"Feature","properties":{"name":"懋軒生物科技有限公司","city":"新北市","district":"中和區","address":"新北市中和區中山路2段405號4樓"},"geometry":{"type":"Point","coordinates":[121.486221009801,25.00462407538]}},{"type":"Feature","properties":{"name":"臻欣實業有限公司","city":"新北市","district":"三重區","address":"新北市三重區中正北路317巷27號"},"geometry":{"type":"Point","coordinates":[121.475872843227,25.0729865067604]}},{"type":"Feature","properties":{"name":"超香食品股份有限公司汐止廠","city":"新北市","district":"汐止區","address":"新北市汐止區中興路31號2樓之3"},"geometry":{"type":"Point","coordinates":[121.634623471667,25.061767532413]}},{"type":"Feature","properties":{"name":"玉膳企業股份有限公司","city":"新北市","district":"三重區","address":"新北市三重區光復路2段42巷39號3樓"},"geometry":{"type":"Point","coordinates":[121.469332297962,25.0546126231082]}},{"type":"Feature","properties":{"name":"恬品軒企業有限公司","city":"新北市","district":"樹林區","address":"新北市樹林區三俊街226號1樓"},"geometry":{"type":"Point","coordinates":[121.421107636266,25.0149635021594]}},{"type":"Feature","properties":{"name":"米棋食品有限公司","city":"新北市","district":"新莊區","address":"新北市新莊區建國二路52號(1樓)"},"geometry":{"type":"Point","coordinates":[121.432587296544,25.0248501706434]}},{"type":"Feature","properties":{"name":"龍睿股份有限公司","city":"新北市","district":"三重區","address":"新北市三重區光復路1段101之1號3樓"},"geometry":{"type":"Point","coordinates":[121.472229259961,25.0510707948311]}},{"type":"Feature","properties":{"name":"三灃食品有限公司","city":"新北市","district":"中和區","address":"新北市中和區中正路910號(1樓)"},"geometry":{"type":"Point","coordinates":[121.483652926881,25.0072681483437]}},{"type":"Feature","properties":{"name":"派德食品企業有限公司","city":"新北市","district":"汐止區","address":"新北市汐止區福德二路359巷5號、7號"},"geometry":{"type":"Point","coordinates":[121.624009078392,25.063523932104]}},{"type":"Feature","properties":{"name":"台灣味社會事業有限公司","city":"新北市","district":"新店區","address":"新北市新店區民權路42巷59弄1號5樓"},"geometry":{"type":"Point","coordinates":[121.53846084583,24.9838353044394]}},{"type":"Feature","properties":{"name":"柏源盛商行","city":"新北市","district":"板橋區","address":"新北市板橋區中正路379巷11號1樓"},"geometry":{"type":"Point","coordinates":[121.453244575796,25.0219529656288]}},{"type":"Feature","properties":{"name":"小潘蛋糕坊有限公司國慶廠","city":"新北市","district":"板橋區","address":"新北市板橋區國慶路29巷7號"},"geometry":{"type":"Point","coordinates":[121.458733867882,24.9961305856751]}},{"type":"Feature","properties":{"name":"宸品有限公司(汐止廠)","city":"新北市","district":"汐止區","address":"新北市汐止區中興路34號(1樓)"},"geometry":{"type":"Point","coordinates":[121.637445328755,25.0601552678548]}},{"type":"Feature","properties":{"name":"八八口食品股份有限公司","city":"新北市","district":"三重區","address":"新北市三重區光復路1段79號3樓"},"geometry":{"type":"Point","coordinates":[121.472239318777,25.0499841185267]}},{"type":"Feature","properties":{"name":"馨逸企業股份有限公司","city":"新北市","district":"新店區","address":"新北市新店區寶興路45巷8弄12號3樓"},"geometry":{"type":"Point","coordinates":[121.550555055465,24.9746539016005]}},{"type":"Feature","properties":{"name":"香帥蛋糕有限公司","city":"新北市","district":"汐止區","address":"新北市汐止區汐萬路1段211巷26號(1、2、3、4、5樓)"},"geometry":{"type":"Point","coordinates":[121.651094255109,25.0717590162998]}},{"type":"Feature","properties":{"name":"大堡口福食品有限公司(土城廠)","city":"新北市","district":"土城區","address":"新北市土城區承天路83之13號"},"geometry":{"type":"Point","coordinates":[121.440585329672,24.9627341984799]}},{"type":"Feature","properties":{"name":"典茶實業有限公司","city":"新北市","district":"深坑區","address":"新北市深坑區北深路3段266號1樓"},"geometry":{"type":"Point","coordinates":[121.598736088894,25.0047892163593]}},{"type":"Feature","properties":{"name":"珍香食品有限公司","city":"新北市","district":"汐止區","address":"新北市汐止區南陽街250號"},"geometry":{"type":"Point","coordinates":[121.627051837413,25.0568007952384]}},{"type":"Feature","properties":{"name":"本家食品有限公司","city":"新北市","district":"新莊區","address":"新北市新莊區思源路112巷2號1樓"},"geometry":{"type":"Point","coordinates":[121.460373691879,25.0467108020593]}},{"type":"Feature","properties":{"name":"德麥食品股份有限公司(新北廠)","city":"新北市","district":"五股區","address":"新北市五股區五權五路31號(2、3、4樓)"},"geometry":{"type":"Point","coordinates":[121.452080309697,25.0659718292568]}},{"type":"Feature","properties":{"name":"品樂坊食品有限公司","city":"新北市","district":"中和區","address":"新北市中和區民享街4號(L棟1、2樓)"},"geometry":{"type":"Point","coordinates":[121.473643437145,25.0053259715161]}},{"type":"Feature","properties":{"name":"台雞食品有限公司","city":"新北市","district":"土城區","address":"新北市土城區中山路95號"},"geometry":{"type":"Point","coordinates":[121.432436373752,24.9705859794064]}},{"type":"Feature","properties":{"name":"世界阿一鮑魚有限公司","city":"新北市","district":"樹林區","address":"新北市樹林區太順街114巷3號1樓"},"geometry":{"type":"Point","coordinates":[121.414754103445,24.978369420882]}},{"type":"Feature","properties":{"name":"高師傅菓子工房","city":"新北市","district":"新店區","address":"新北市新店區寶橋路154巷2號3樓"},"geometry":{"type":"Point","coordinates":[121.548656189405,24.9765890760968]}},{"type":"Feature","properties":{"name":"樂齊有限公司","city":"新北市","district":"三重區","address":"新北市三重區興德路103號(1樓)"},"geometry":{"type":"Point","coordinates":[121.471763089404,25.0533589792487]}},{"type":"Feature","properties":{"name":"農七十生物科技有限公司","city":"新北市","district":"中和區","address":"新北市中和區建一路148號4樓"},"geometry":{"type":"Point","coordinates":[121.487973636717,24.998803701409]}},{"type":"Feature","properties":{"name":"易壯生物科技有限公司","city":"新北市","district":"板橋區","address":"新北市板橋區干城路14號(1樓)"},"geometry":{"type":"Point","coordinates":[121.459520000322,24.9937628432957]}},{"type":"Feature","properties":{"name":"大梵天實業股份有限公司","city":"新北市","district":"新店區","address":"新北市新店區中正路538巷3號3樓"},"geometry":{"type":"Point","coordinates":[121.534291355066,24.9844530582544]}},{"type":"Feature","properties":{"name":"駿融蔘藥生技股份有限公司三峽廠","city":"新北市","district":"三峽區","address":"新北市三峽區添福14-24號(1樓)"},"geometry":{"type":"Point","coordinates":[121.373573460728,24.9022880706557]}},{"type":"Feature","properties":{"name":"富欣食品有限公司","city":"新北市","district":"樹林區","address":"新北市樹林區民權街5巷19弄16號(二樓)"},"geometry":{"type":"Point","coordinates":[121.395505344046,24.9588576203107]}},{"type":"Feature","properties":{"name":"路易莎職人咖啡股份有限公司(新北廠)","city":"新北市","district":"五股區","address":"新北市五股區五權路7巷10號6樓"},"geometry":{"type":"Point","coordinates":[121.44810674341,25.0652310785092]}},{"type":"Feature","properties":{"name":"啟陞食品行","city":"新北市","district":"三重區","address":"新北市三重區中興北街160巷16號(1樓)"},"geometry":{"type":"Point","coordinates":[121.468022831722,25.0568398296476]}},{"type":"Feature","properties":{"name":"意一堂國際有限公司","city":"新北市","district":"新店區","address":"新北市新店區中正路501之18號3樓"},"geometry":{"type":"Point","coordinates":[121.533580130016,24.9836171702068]}},{"type":"Feature","properties":{"name":"美食多實業股份有限公司","city":"新北市","district":"新莊區","address":"新北市新莊區新樹路319號"},"geometry":{"type":"Point","coordinates":[121.433368444232,25.0191495788111]}},{"type":"Feature","properties":{"name":"港苑食品有限公司","city":"新北市","district":"新店區","address":"新北市新店區民權路90巷36號"},"geometry":{"type":"Point","coordinates":[121.536561910516,24.9840977439422]}},{"type":"Feature","properties":{"name":"亞多夢股份有限公司五股廠","city":"新北市","district":"五股區","address":"新北市五股區五權七路77號"},"geometry":{"type":"Point","coordinates":[121.453743043447,25.0706448983522]}},{"type":"Feature","properties":{"name":"吉力家有限公司","city":"新北市","district":"汐止區","address":"新北市汐止區大同路2段139號2樓"},"geometry":{"type":"Point","coordinates":[121.651010176191,25.0643878997963]}},{"type":"Feature","properties":{"name":"漢易科技有限公司","city":"新北市","district":"新莊區","address":"新北市新莊區五權一路3號4樓之1"},"geometry":{"type":"Point","coordinates":[121.457392108499,25.0655922866113]}},{"type":"Feature","properties":{"name":"駟馬國際股份有限公司","city":"新北市","district":"樹林區","address":"新北市樹林區西圳街1段117之3號(1、2、3樓)"},"geometry":{"type":"Point","coordinates":[121.398523919326,24.963756832164]}},{"type":"Feature","properties":{"name":"大當家食品股份有限公司","city":"新北市","district":"板橋區","address":"新北市板橋區信義路163巷1號5樓"},"geometry":{"type":"Point","coordinates":[121.459001248903,24.9927599864669]}},{"type":"Feature","properties":{"name":"東爵企業有限公司","city":"新北市","district":"樹林區","address":"新北市樹林區東順街109號"},"geometry":{"type":"Point","coordinates":[121.408019521152,24.9754419167632]}},{"type":"Feature","properties":{"name":"嶢陽茶行貿易有限公司","city":"新北市","district":"新莊區","address":"新北市新莊區五權一路1號5樓之1"},"geometry":{"type":"Point","coordinates":[121.456823475127,25.0650088021017]}},{"type":"Feature","properties":{"name":"三澧企業股份有限公司","city":"新北市","district":"五股區","address":"新北市五股區五權五路3號"},"geometry":{"type":"Point","coordinates":[121.449917796821,25.0633003488799]}},{"type":"Feature","properties":{"name":"忕吉小吃股份有限公司五股食品廠","city":"新北市","district":"五股區","address":"新北市五股區五工一路109號2樓"},"geometry":{"type":"Point","coordinates":[121.456294935843,25.0704882791423]}},{"type":"Feature","properties":{"name":"金色三麥餐飲股份有限公司","city":"新北市","district":"三重區","address":"新北市三重區光復路一段101號3樓"},"geometry":{"type":"Point","coordinates":[121.472229259961,25.0510707948311]}},{"type":"Feature","properties":{"name":"名品客家美食行","city":"新北市","district":"中和區","address":"新北市中和區中正路51號1樓"},"geometry":{"type":"Point","coordinates":[121.5017407363,24.9933428944924]}},{"type":"Feature","properties":{"name":"勗聖食品有限公司","city":"新北市","district":"樹林區","address":"新北市樹林區樹中街6號(1樓)"},"geometry":{"type":"Point","coordinates":[121.420634523854,24.9860144884591]}},{"type":"Feature","properties":{"name":"泰康生技股份有限公司","city":"新北市","district":"板橋區","address":"新北市板橋區和平路6巷1號4樓"},"geometry":{"type":"Point","coordinates":[121.458673430066,24.9937666471588]}},{"type":"Feature","properties":{"name":"祐旭食品有限公司","city":"新北市","district":"中和區","address":"新北市中和區立德街72巷34號(1樓)"},"geometry":{"type":"Point","coordinates":[121.487768635533,25.0086688173796]}},{"type":"Feature","properties":{"name":"逢源生物科技有限公司","city":"新北市","district":"中和區","address":"新北市中和區立德街160號4樓"},"geometry":{"type":"Point","coordinates":[121.485837505376,25.0088662356595]}},{"type":"Feature","properties":{"name":"甘泉生物科技股份有限公司","city":"新北市","district":"新店區","address":"新北市新店區復興路45號2樓"},"geometry":{"type":"Point","coordinates":[121.536760109422,24.9868894377205]}},{"type":"Feature","properties":{"name":"牛筋學苑企業有限公司","city":"新北市","district":"新店區","address":"新北市新店區寶興路45巷9弄8號"},"geometry":{"type":"Point","coordinates":[121.54937302041,24.9746188550545]}},{"type":"Feature","properties":{"name":"慈安食品有限公司","city":"新北市","district":"八里區","address":"新北市八里區博物館路31號3樓"},"geometry":{"type":"Point","coordinates":[121.41410682302,25.1627083455549]}},{"type":"Feature","properties":{"name":"彩富昌商行","city":"新北市","district":"新莊區","address":"新北市新莊區建國二路53號"},"geometry":{"type":"Point","coordinates":[121.432707164306,25.0246420028627]}},{"type":"Feature","properties":{"name":"優福國際發展有限公司","city":"新北市","district":"土城區","address":"新北市土城區承天路8巷4號(1樓)"},"geometry":{"type":"Point","coordinates":[121.436757728452,24.9641373323613]}},{"type":"Feature","properties":{"name":"漢記股份有限公司土城廠","city":"新北市","district":"土城區","address":"新北市土城區中央路1段319號(1、2樓及地下1樓)"},"geometry":{"type":"Point","coordinates":[121.443920760814,24.9831872866868]}},{"type":"Feature","properties":{"name":"長虹食品廠有限公司","city":"新北市","district":"三重區","address":"新北市三重區重新路五段639之1號7樓"},"geometry":{"type":"Point","coordinates":[121.466793306485,25.0434078483642]}},{"type":"Feature","properties":{"name":"歐迪農產食品行","city":"新北市","district":"樹林區","address":"新北市樹林區俊英街166巷10號(1樓)"},"geometry":{"type":"Point","coordinates":[121.427050697516,25.0071308918998]}},{"type":"Feature","properties":{"name":"誼豐股份有限公司土城廠","city":"新北市","district":"土城區","address":"新北市土城區忠承路87.91.95.99號5樓"},"geometry":{"type":"Point","coordinates":[121.438872295066,24.9646877661534]}},{"type":"Feature","properties":{"name":"八方雲集國際股份有限公司(北新廠)","city":"新北市","district":"淡水區","address":"新北市淡水區北新路2段76號"},"geometry":{"type":"Point","coordinates":[121.479483737455,25.1855538340311]}},{"type":"Feature","properties":{"name":"禮忠食品有限公司","city":"新北市","district":"新莊區","address":"新北市新莊區新樹路527巷34號(1樓)"},"geometry":{"type":"Point","coordinates":[121.433850820165,25.0092984756981]}},{"type":"Feature","properties":{"name":"鼎格有限公司","city":"新北市","district":"三重區","address":"新北市三重區仁愛街245巷31號(1、2樓)"},"geometry":{"type":"Point","coordinates":[121.494566332732,25.0785192047432]}},{"type":"Feature","properties":{"name":"諸葛四九食品有限公司","city":"新北市","district":"樹林區","address":"新北市樹林區俊興街229號(1、2樓)"},"geometry":{"type":"Point","coordinates":[121.417615805745,25.0151033060388]}},{"type":"Feature","properties":{"name":"貝絲國際有限公司","city":"新北市","district":"中和區","address":"新北市中和區新民街112號5樓之3"},"geometry":{"type":"Point","coordinates":[121.480438214876,25.0083693886358]}},{"type":"Feature","properties":{"name":"舞茶實業有限公司","city":"新北市","district":"五股區","address":"新北市五股區中興路1段8號1樓、8之1號1樓"},"geometry":{"type":"Point","coordinates":[121.46963290876,25.0734368992789]}},{"type":"Feature","properties":{"name":"喬元手創食品有限公司","city":"新北市","district":"新莊區","address":"新北市新莊區建國一路288巷43號1樓"},"geometry":{"type":"Point","coordinates":[121.43419065351,25.0257633474615]}},{"type":"Feature","properties":{"name":"祁門有限公司","city":"新北市","district":"汐止區","address":"新北市汐止區康寧街169巷27之1號4樓之2"},"geometry":{"type":"Point","coordinates":[121.622649888738,25.0687745755058]}},{"type":"Feature","properties":{"name":"生安生物科技有限公司","city":"新北市","district":"樹林區","address":"新北市樹林區俊興街231號(1樓)"},"geometry":{"type":"Point","coordinates":[121.417632435475,25.0151686893626]}},{"type":"Feature","properties":{"name":"奕泰農業科技有限公司","city":"新北市","district":"土城區","address":"新北市土城區永豐路195巷7弄4號(1樓)"},"geometry":{"type":"Point","coordinates":[121.471946910006,24.9789413277719]}},{"type":"Feature","properties":{"name":"紅太陽廚房有限公司","city":"新北市","district":"新莊區","address":"新北市新莊區中港二街101號"},"geometry":{"type":"Point","coordinates":[121.44912702713,25.0456741754954]}},{"type":"Feature","properties":{"name":"昌源豆皮有限公司","city":"新北市","district":"樹林區","address":"新北市樹林區西圳街1段115之2號(1、2樓)"},"geometry":{"type":"Point","coordinates":[121.398650122023,24.9634817899964]}},{"type":"Feature","properties":{"name":"漢記股份有限公司(土城二廠)","city":"新北市","district":"土城區","address":"新北市土城區中央路1段319號(3、4樓)"},"geometry":{"type":"Point","coordinates":[121.443920760814,24.9831872866868]}},{"type":"Feature","properties":{"name":"台品興業有限公司","city":"新北市","district":"汐止區","address":"新北市汐止區忠三街9巷28號之1"},"geometry":{"type":"Point","coordinates":[121.62468120907,25.0803078505985]}},{"type":"Feature","properties":{"name":"新加坡商粟野有限公司台灣分公司","city":"新北市","district":"蘆洲區","address":"新北市蘆洲區信義路73巷6號"},"geometry":{"type":"Point","coordinates":[121.476322042089,25.0801845864645]}},{"type":"Feature","properties":{"name":"三五生物科技股份有限公司","city":"新北市","district":"汐止區","address":"新北市汐止區康寧街169巷21號7樓之1"},"geometry":{"type":"Point","coordinates":[121.622735381479,25.0680742119225]}},{"type":"Feature","properties":{"name":"宇笛生物科技股份有限公司","city":"新北市","district":"中和區","address":"新北市中和區立德街148巷52號6樓"},"geometry":{"type":"Point","coordinates":[121.48630560671,25.0092492873776]}},{"type":"Feature","properties":{"name":"芊語實業有限公司","city":"新北市","district":"板橋區","address":"新北市板橋區信義路165號2樓"},"geometry":{"type":"Point","coordinates":[121.458818726389,24.9923090814081]}},{"type":"Feature","properties":{"name":"海邊走走食品股份有限公司二廠","city":"新北市","district":"淡水區","address":"新北市淡水區中正東路1段3巷23號1樓"},"geometry":{"type":"Point","coordinates":[121.451877093116,25.1659182647358]}},{"type":"Feature","properties":{"name":"草系生活有限公司","city":"新北市","district":"土城區","address":"新北市土城區中央路3段87號7樓之1"},"geometry":{"type":"Point","coordinates":[121.437841202743,24.9678064739352]}},{"type":"Feature","properties":{"name":"明朝製麵有限公司","city":"新北市","district":"樹林區","address":"新北市樹林區忠信街15號3樓"},"geometry":{"type":"Point","coordinates":[121.407816732242,25.0152508339676]}},{"type":"Feature","properties":{"name":"味台食品工業股份有限公司","city":"新北市","district":"三重區","address":"新北市三重區中興南街二九號"},"geometry":{"type":"Point","coordinates":[121.470055150607,25.0444924525679]}},{"type":"Feature","properties":{"name":"翔旭工業有限公司","city":"新北市","district":"鶯歌區","address":"新北市鶯歌區大湖路642號"},"geometry":{"type":"Point","coordinates":[121.334195786475,24.975431639507]}},{"type":"Feature","properties":{"name":"民星食品廠","city":"新北市","district":"三重區","address":"新北市三重區正義南路三一號"},"geometry":{"type":"Point","coordinates":[121.498063648009,25.0610967303394]}},{"type":"Feature","properties":{"name":"福星製油廠有限公司","city":"新北市","district":"汐止區","address":"新北市汐止區大安街五六巷七弄一三號"},"geometry":{"type":"Point","coordinates":[121.677485149112,25.0735907549964]}},{"type":"Feature","properties":{"name":"福元化學製藥股份有限公司","city":"新北市","district":"瑞芳區","address":"新北市瑞芳區大寮路九五之一號"},"geometry":{"type":"Point","coordinates":[121.779345661466,25.0979396355293]}},{"type":"Feature","properties":{"name":"幸福兄弟企業股份有限公司","city":"新北市","district":"樹林區","address":"新北市樹林區太順街116號"},"geometry":{"type":"Point","coordinates":[121.414973431679,24.9773607977732]}},{"type":"Feature","properties":{"name":"遠東乾燥股份有限公司","city":"新北市","district":"新莊區","address":"新北市新莊區新樹路三三三巷七號"},"geometry":{"type":"Point","coordinates":[121.434297914128,25.0185622966766]}},{"type":"Feature","properties":{"name":"宏祺有限公司","city":"新北市","district":"新莊區","address":"新北市新莊區中正路六一巷五號"},"geometry":{"type":"Point","coordinates":[121.462459491131,25.0394075504052]}},{"type":"Feature","properties":{"name":"豐譽食品工業股份有限公司","city":"新北市","district":"鶯歌區","address":"新北市鶯歌區大湖路七００巷四０號"},"geometry":{"type":"Point","coordinates":[121.333169589514,24.9773767492529]}},{"type":"Feature","properties":{"name":"台灣省青果運銷合作社臺北分社新店綜合包裝場","city":"新北市","district":"新店區","address":"新北市新店區寶興里寶高路六０號"},"geometry":{"type":"Point","coordinates":[121.55191469663,24.9771827213199]}},{"type":"Feature","properties":{"name":"暉明食品廠有限公司","city":"新北市","district":"板橋區","address":"新北市板橋區中山路二段九０巷四七弄八號一樓"},"geometry":{"type":"Point","coordinates":[121.476902155549,25.0147059812877]}},{"type":"Feature","properties":{"name":"長青生物科技製造廠","city":"新北市","district":"三重區","address":"新北市三重區五華街七巷八一號"},"geometry":{"type":"Point","coordinates":[121.496709149214,25.0808118687697]}},{"type":"Feature","properties":{"name":"怡樂熱帶植物食品工業工廠","city":"新北市","district":"土城區","address":"新北市土城區中央路三段二三八之六號三樓"},"geometry":{"type":"Point","coordinates":[121.428510816904,24.964437185792]}},{"type":"Feature","properties":{"name":"日穗食品冷凍股份有限公司","city":"新北市","district":"中和區","address":"新北市中和區中山路二段三五七巷六號"},"geometry":{"type":"Point","coordinates":[121.488878796912,25.0037720372868]}},{"type":"Feature","properties":{"name":"水精企業股份有限公司新店廠","city":"新北市","district":"新店區","address":"新北市新店區民權路一０二號三樓"},"geometry":{"type":"Point","coordinates":[121.536004146609,24.9829961738548]}},{"type":"Feature","properties":{"name":"嘉珍食品行","city":"新北市","district":"三重區","address":"新北市三重區仁愛街一二五巷六號"},"geometry":{"type":"Point","coordinates":[121.49653389009,25.0754126497563]}},{"type":"Feature","properties":{"name":"信和股份有限公司","city":"新北市","district":"五股區","address":"新北市五股區五權五路六號"},"geometry":{"type":"Point","coordinates":[121.450341177046,25.0634707969074]}},{"type":"Feature","properties":{"name":"久益化工股份有限公司新莊廠","city":"新北市","district":"新莊區","address":"新北市新莊區新樹路二六八巷七二號"},"geometry":{"type":"Point","coordinates":[121.430461669639,25.0161376715045]}},{"type":"Feature","properties":{"name":"常新食品企業有限公司三廠","city":"新北市","district":"中和區","address":"新北市中和區立業路95號"},"geometry":{"type":"Point","coordinates":[121.490709234462,25.0072187599871]}},{"type":"Feature","properties":{"name":"桂冠實業股份有限公司中和二廠","city":"新北市","district":"中和區","address":"新北市中和區橋和路六Ｏ號"},"geometry":{"type":"Point","coordinates":[121.489726005744,25.0051505160963]}},{"type":"Feature","properties":{"name":"禮美實業有限公司","city":"新北市","district":"中和區","address":"新北市中和區立業路97號"},"geometry":{"type":"Point","coordinates":[121.490691141772,25.0072833150466]}},{"type":"Feature","properties":{"name":"巧莉食品有限公司","city":"新北市","district":"中和區","address":"新北市中和區新民街九六號"},"geometry":{"type":"Point","coordinates":[121.481119572836,25.008380236248]}},{"type":"Feature","properties":{"name":"味香醬園廠有限公司","city":"新北市","district":"中和區","address":"新北市中和區中正路一二０六巷五號一、二樓"},"geometry":{"type":"Point","coordinates":[121.48014114789,25.0110287491813]}},{"type":"Feature","properties":{"name":"中山龍鳳堂食品有限公司","city":"新北市","district":"蘆洲區","address":"新北市蘆洲區中山二路一九四號"},"geometry":{"type":"Point","coordinates":[121.470347098634,25.0804436791953]}},{"type":"Feature","properties":{"name":"全盛美食有限公司","city":"新北市","district":"樹林區","address":"新北市樹林區保安街三段一巷一號"},"geometry":{"type":"Point","coordinates":[121.410034713467,25.0102786449738]}},{"type":"Feature","properties":{"name":"嘉一香食品股份有限公司樹林廠","city":"新北市","district":"樹林區","address":"新北市樹林區俊安街四三號"},"geometry":{"type":"Point","coordinates":[121.420258110103,25.0127757215331]}},{"type":"Feature","properties":{"name":"端陽食品有限公司","city":"新北市","district":"樹林區","address":"新北市樹林區佳園路3段101巷62弄10號"},"geometry":{"type":"Point","coordinates":[121.393684805123,24.9499474007649]}},{"type":"Feature","properties":{"name":"山原盒餐食品股份有限公司","city":"新北市","district":"樹林區","address":"新北市樹林區忠愛街五號二、三樓"},"geometry":{"type":"Point","coordinates":[121.409007703375,25.0157224928013]}},{"type":"Feature","properties":{"name":"豐品食品有限公司","city":"新北市","district":"中和區","address":"新北市中和區連城路222巷6弄6號1樓"},"geometry":{"type":"Point","coordinates":[121.491031387925,24.9978300825298]}},{"type":"Feature","properties":{"name":"華禮企業股份有限公司","city":"新北市","district":"新店區","address":"新北市新店區寶橋路二三五巷七號八樓"},"geometry":{"type":"Point","coordinates":[121.551408862217,24.9803458641835]}},{"type":"Feature","properties":{"name":"富元食品有限公司","city":"新北市","district":"中和區","address":"新北市中和區建三路五七號"},"geometry":{"type":"Point","coordinates":[121.486175460768,25.0017925897923]}},{"type":"Feature","properties":{"name":"全台物流股份有限公司加工廠","city":"新北市","district":"林口區","address":"新北市林口區東林里宏昌街一之二號"},"geometry":{"type":"Point","coordinates":[121.407081881339,25.0831055975609]}},{"type":"Feature","properties":{"name":"協錩食品有限公司新店廠","city":"新北市","district":"新店區","address":"新北市新店區寶高路七巷二號四樓"},"geometry":{"type":"Point","coordinates":[121.551655995296,24.9779361205578]}},{"type":"Feature","properties":{"name":"茹美食品有限公司","city":"新北市","district":"板橋區","address":"新北市板橋區國慶路二七號"},"geometry":{"type":"Point","coordinates":[121.45870233174,24.9956213326068]}},{"type":"Feature","properties":{"name":"享記食品有限公司汐止廠","city":"新北市","district":"汐止區","address":"新北市汐止區大同路三段三六九巷二五號"},"geometry":{"type":"Point","coordinates":[121.676017370873,25.0737808208435]}},{"type":"Feature","properties":{"name":"吉米地食品有限公司","city":"新北市","district":"土城區","address":"新北市土城區中華路一段七０巷二號"},"geometry":{"type":"Point","coordinates":[121.444920820463,24.9885055264629]}},{"type":"Feature","properties":{"name":"馥御食品企業有限公司深坑廠","city":"新北市","district":"深坑區","address":"新北市深坑區北深路三段一五五巷九號七樓"},"geometry":{"type":"Point","coordinates":[121.602494078269,25.0027248361174]}},{"type":"Feature","properties":{"name":"優奇有限公司五股廠","city":"新北市","district":"五股區","address":"新北市五股區成泰路3段42號4樓"},"geometry":{"type":"Point","coordinates":[121.442409728156,25.0887689451603]}},{"type":"Feature","properties":{"name":"親民食品有限公司三重廠","city":"新北市","district":"三重區","address":"新北市三重區光復路1段78、82、82-1、82-2、82-3、82-5、82-6、82-7、82-8號3樓"},"geometry":{"type":"Point","coordinates":[121.471908728226,25.0504358174233]}},{"type":"Feature","properties":{"name":"龐德國際開發有限公司汐止廠","city":"新北市","district":"汐止區","address":"新北市汐止區福德一路三四二巷二弄三號五樓"},"geometry":{"type":"Point","coordinates":[121.629644313653,25.0633024115789]}},{"type":"Feature","properties":{"name":"第一香食品企業有限公司","city":"新北市","district":"新店區","address":"新北市新店區民權路四二巷五九弄一號"},"geometry":{"type":"Point","coordinates":[121.53846084583,24.9838353044394]}},{"type":"Feature","properties":{"name":"新力香食品有限公司","city":"新北市","district":"三峽區","address":"新北市三峽區介壽路一段三三八巷一二號"},"geometry":{"type":"Point","coordinates":[121.381309412064,24.9296685895546]}},{"type":"Feature","properties":{"name":"展群食品實業有限公司汐止廠","city":"新北市","district":"汐止區","address":"新北市汐止區福德一路三九二巷四一弄二三、二五號"},"geometry":{"type":"Point","coordinates":[121.625418371537,25.0619652244297]}},{"type":"Feature","properties":{"name":"統皓食品股份有限公司五股廠","city":"新北市","district":"五股區","address":"新北市五股區五權路49號3、4樓"},"geometry":{"type":"Point","coordinates":[121.452758071787,25.0691087340453]}},{"type":"Feature","properties":{"name":"頂記食品股份有限公司五股廠","city":"新北市","district":"五股區","address":"新北市五股區五工路一四四號"},"geometry":{"type":"Point","coordinates":[121.449645310139,25.0703562493643]}},{"type":"Feature","properties":{"name":"華福食品股份有限公司林口廠","city":"新北市","district":"林口區","address":"新北市林口區宏昌街八巷一號"},"geometry":{"type":"Point","coordinates":[121.405420137656,25.0846829995244]}},{"type":"Feature","properties":{"name":"忠慷股份有限公司","city":"新北市","district":"樹林區","address":"新北市樹林區備內街五二之三號(一樓)"},"geometry":{"type":"Point","coordinates":[121.412107368153,24.9876350548378]}},{"type":"Feature","properties":{"name":"吉益食品有限公司","city":"新北市","district":"新莊區","address":"新北市新莊區中原東路三一號一、二樓及三三號二樓"},"geometry":{"type":"Point","coordinates":[121.464619109983,25.0544890785405]}},{"type":"Feature","properties":{"name":"中原食品工業開發股份有限公司三峽廠","city":"新北市","district":"三峽區","address":"新北市三峽區正義街16之1號"},"geometry":{"type":"Point","coordinates":[121.369489249395,24.919470322013]}},{"type":"Feature","properties":{"name":"喜生食品工業股份有限公司樹林廠","city":"新北市","district":"樹林區","address":"新北市樹林區佳園路二段一七之一號"},"geometry":{"type":"Point","coordinates":[121.392781403758,24.9636656350952]}},{"type":"Feature","properties":{"name":"尚品肉鬆實業有限公司","city":"新北市","district":"中和區","address":"新北市中和區立言街五六號一、二樓"},"geometry":{"type":"Point","coordinates":[121.488402041032,25.0071021412196]}},{"type":"Feature","properties":{"name":"福泰食品有限公司","city":"新北市","district":"樹林區","address":"新北市樹林區俊安街26號"},"geometry":{"type":"Point","coordinates":[121.419571154695,25.0139303138415]}},{"type":"Feature","properties":{"name":"多利生醫股份有限公司","city":"新北市","district":"五股區","address":"新北市五股區五權七路20號4樓"},"geometry":{"type":"Point","coordinates":[121.44853672653,25.0664278377459]}},{"type":"Feature","properties":{"name":"歐邁食品有限公司三重廠","city":"新北市","district":"三重區","address":"新北市三重區溪尾街37號1樓"},"geometry":{"type":"Point","coordinates":[121.491345293393,25.0758064540965]}},{"type":"Feature","properties":{"name":"瑞聯興業股份有限公司汐止廠","city":"新北市","district":"汐止區","address":"新北市汐止區福德一路三九二巷四０號"},"geometry":{"type":"Point","coordinates":[121.626781400672,25.06240757823]}},{"type":"Feature","properties":{"name":"華福食品股份有限公司蛋糕廠","city":"新北市","district":"林口區","address":"新北市林口區宏昌街八巷三號"},"geometry":{"type":"Point","coordinates":[121.405693719746,25.0849746110689]}},{"type":"Feature","properties":{"name":"春泉生技開發股份有限公司","city":"新北市","district":"中和區","address":"新北市中和區立德街七八號一樓"},"geometry":{"type":"Point","coordinates":[121.487728833691,25.0078830663594]}},{"type":"Feature","properties":{"name":"慶利食品有限公司","city":"新北市","district":"土城區","address":"新北市土城區中央路一段三六五巷一弄一七號"},"geometry":{"type":"Point","coordinates":[121.443923600847,24.9810918804733]}},{"type":"Feature","properties":{"name":"海聖股份有限公司八里廠","city":"新北市","district":"八里區","address":"新北市八里區中山路二段六六號一、二樓"},"geometry":{"type":"Point","coordinates":[121.408771524643,25.1564124772237]}},{"type":"Feature","properties":{"name":"北記企業社二廠","city":"新北市","district":"樹林區","address":"新北市樹林區忠愛街六號四樓"},"geometry":{"type":"Point","coordinates":[121.409058351551,25.0159875377802]}},{"type":"Feature","properties":{"name":"德裕食品有限公司","city":"新北市","district":"淡水區","address":"新北市淡水區奎柔山路71號"},"geometry":{"type":"Point","coordinates":[121.452978058422,25.206172264398]}},{"type":"Feature","properties":{"name":"魔術食品工業股份有限公司二廠","city":"新北市","district":"樹林區","address":"新北市樹林區武林街九之一號"},"geometry":{"type":"Point","coordinates":[121.418292782329,25.0021613377248]}},{"type":"Feature","properties":{"name":"展安食品有限公司","city":"新北市","district":"土城區","address":"新北市土城區中華路二段二四三號"},"geometry":{"type":"Point","coordinates":[121.437736065157,24.9725292339393]}},{"type":"Feature","properties":{"name":"悅豐食品有限公司","city":"新北市","district":"中和區","address":"新北市中和區中山路2段340巷23號"},"geometry":{"type":"Point","coordinates":[121.493403371143,25.0031223004539]}},{"type":"Feature","properties":{"name":"甲寅國際興業有限公司","city":"新北市","district":"新莊區","address":"新北市新莊區化成路一九五巷二六號一樓"},"geometry":{"type":"Point","coordinates":[121.463629421536,25.0507120606328]}},{"type":"Feature","properties":{"name":"順成食品實業有限公司五股廠","city":"新北市","district":"五股區","address":"新北市五股區五工二路一三０號"},"geometry":{"type":"Point","coordinates":[121.454638009709,25.0708492852315]}},{"type":"Feature","properties":{"name":"汶達生物科技有限公司","city":"新北市","district":"三重區","address":"新北市三重區後竹圍街二九七、二九九號"},"geometry":{"type":"Point","coordinates":[121.478602324233,25.0697989872688]}},{"type":"Feature","properties":{"name":"宏野國際有限公司","city":"新北市","district":"中和區","address":"新北市中和區建一路81巷2號3樓"},"geometry":{"type":"Point","coordinates":[121.488409734006,25.0026342831831]}},{"type":"Feature","properties":{"name":"旺來旺食品股份有限公司台北廠","city":"新北市","district":"新莊區","address":"新北市新莊區新樹路67巷40弄3號1樓"},"geometry":{"type":"Point","coordinates":[121.440908810107,25.0301240662391]}},{"type":"Feature","properties":{"name":"頂好企業股份有限公司","city":"新北市","district":"土城區","address":"新北市土城區復興街11號（1、2樓）"},"geometry":{"type":"Point","coordinates":[121.427016114683,24.9683691700623]}},{"type":"Feature","properties":{"name":"老協珍股份有限公司","city":"新北市","district":"八里區","address":"新北市八里區中山路2段66號3樓"},"geometry":{"type":"Point","coordinates":[121.408771524643,25.1564124772237]}},{"type":"Feature","properties":{"name":"秉瀚食品股份有限公司","city":"新北市","district":"三重區","address":"新北市三重區新北大道2段139巷27號1、2樓"},"geometry":{"type":"Point","coordinates":[121.466666486233,25.0603205990879]}},{"type":"Feature","properties":{"name":"亞世欣實業股份有限公司","city":"新北市","district":"樹林區","address":"新北市樹林區柑園街二段一二二巷五號五樓"},"geometry":{"type":"Point","coordinates":[121.384237558881,24.9554078128297]}},{"type":"Feature","properties":{"name":"美又廉食品工業有限公司二廠","city":"新北市","district":"三重區","address":"新北市三重區光復路二段一０二巷五二號二樓"},"geometry":{"type":"Point","coordinates":[121.469130584327,25.0580291619998]}},{"type":"Feature","properties":{"name":"達弘食品有限公司","city":"新北市","district":"三重區","address":"新北市三重區光華路二七號"},"geometry":{"type":"Point","coordinates":[121.468496859958,25.0599439937354]}},{"type":"Feature","properties":{"name":"東雅食品有限公司","city":"新北市","district":"三重區","address":"新北市三重區中興北街一五三之五號"},"geometry":{"type":"Point","coordinates":[121.469143936148,25.0531602458749]}},{"type":"Feature","properties":{"name":"美食達人股份有限公司二廠","city":"新北市","district":"新莊區","address":"新北市新莊區五權三路一二巷三號二樓"},"geometry":{"type":"Point","coordinates":[121.45296108783,25.0630284696731]}},{"type":"Feature","properties":{"name":"爵品國際有限公司","city":"新北市","district":"中和區","address":"新北市中和區員山路五０四號五樓之八"},"geometry":{"type":"Point","coordinates":[121.479553827928,25.0080964332759]}},{"type":"Feature","properties":{"name":"東南亞國際事業有限公司","city":"新北市","district":"汐止區","address":"新北市汐止區大同路一段二九二巷二七號一樓"},"geometry":{"type":"Point","coordinates":[121.635975518121,25.0570356104228]}},{"type":"Feature","properties":{"name":"鼎泰豐小吃店股份有限公司中央廚房廠","city":"新北市","district":"中和區","address":"新北市中和區立言街三六號一、二、三、四樓"},"geometry":{"type":"Point","coordinates":[121.486701517832,25.0059468075477]}},{"type":"Feature","properties":{"name":"宏柏國際有限公司新莊廠","city":"新北市","district":"新莊區","address":"新北市新莊區中正路五一四巷三三弄四三號一、二樓"},"geometry":{"type":"Point","coordinates":[121.430517801757,25.0335372075133]}},{"type":"Feature","properties":{"name":"伯美食品有限公司","city":"新北市","district":"五股區","address":"新北市五股區五工二路一０二號二樓"},"geometry":{"type":"Point","coordinates":[121.458080942702,25.0678609425124]}},{"type":"Feature","properties":{"name":"馥茂企業社","city":"新北市","district":"鶯歌區","address":"新北市鶯歌區大湖路二四九號一樓"},"geometry":{"type":"Point","coordinates":[121.345837965612,24.9729122732521]}},{"type":"Feature","properties":{"name":"昱品食品有限公司","city":"新北市","district":"樹林區","address":"新北市樹林區忠愛街二號一樓"},"geometry":{"type":"Point","coordinates":[121.409260129744,25.0159631457135]}},{"type":"Feature","properties":{"name":"友助食品科技有限公司","city":"新北市","district":"林口區","address":"新北市林口區工七路一號"},"geometry":{"type":"Point","coordinates":[121.399831763,25.0801696412]}},{"type":"Feature","properties":{"name":"麥之田食品屋","city":"新北市","district":"五股區","address":"新北市五股區五工二路一０六巷五號三樓"},"geometry":{"type":"Point","coordinates":[121.45790021858,25.0688622727137]}},{"type":"Feature","properties":{"name":"東芳食品有限公司三重廠","city":"新北市","district":"三重區","address":"新北市三重區興德路一四一巷一二、一四、一六號一、二、三樓"},"geometry":{"type":"Point","coordinates":[121.469468410931,25.0534284238572]}},{"type":"Feature","properties":{"name":"穀豐食品工業有限公司鶯歌二廠","city":"新北市","district":"鶯歌區","address":"新北市鶯歌區中正三路四九一巷六號一、二、三樓"},"geometry":{"type":"Point","coordinates":[121.320774032979,24.9328688072452]}},{"type":"Feature","properties":{"name":"新興寧波食品有限公司深坑一廠","city":"新北市","district":"深坑區","address":"新北市深坑區松柏街四七巷一八號一樓"},"geometry":{"type":"Point","coordinates":[121.638200228273,25.0127189716118]}},{"type":"Feature","properties":{"name":"雙翼食品有限公司","city":"新北市","district":"樹林區","address":"新北市樹林區忠愛街1號(1樓)及3號(1、2樓)"},"geometry":{"type":"Point","coordinates":[121.409555482035,25.0156923628902]}},{"type":"Feature","properties":{"name":"國鼎生物科技股份有限公司","city":"新北市","district":"淡水區","address":"新北市淡水區中正東路一段3巷19號10樓"},"geometry":{"type":"Point","coordinates":[121.451587415197,25.1657677526615]}},{"type":"Feature","properties":{"name":"佑善生技有限公司","city":"新北市","district":"板橋區","address":"新北市板橋區國慶路49巷19弄1號2樓"},"geometry":{"type":"Point","coordinates":[121.459266397876,24.9962011322397]}},{"type":"Feature","properties":{"name":"洪記食品行","city":"新北市","district":"中和區","address":"新北市中和區連城路222巷8弄4號1樓"},"geometry":{"type":"Point","coordinates":[121.490938311321,24.9981528642252]}},{"type":"Feature","properties":{"name":"賽門鄧普拉食品有限公司","city":"新北市","district":"樹林區","address":"新北市樹林區俊興街224巷1、3號1樓"},"geometry":{"type":"Point","coordinates":[121.418233920914,25.0150936808505]}},{"type":"Feature","properties":{"name":"沛騰食品有限公司","city":"新北市","district":"汐止區","address":"新北市汐止區福德一路392巷22弄3號1、2樓"},"geometry":{"type":"Point","coordinates":[121.62736896998,25.0619918473684]}},{"type":"Feature","properties":{"name":"康天國際有限公司","city":"新北市","district":"汐止區","address":"新北市汐止區康寧街169巷29號10樓"},"geometry":{"type":"Point","coordinates":[121.622640554421,25.0689173603446]}},{"type":"Feature","properties":{"name":"統一企業股份有限公司","city":"新北市","district":"五股區","address":"新北市五股區五工一路131號3樓"},"geometry":{"type":"Point","coordinates":[121.450348686921,25.0705337039065]}},{"type":"Feature","properties":{"name":"菜籃子生物科技有限公司","city":"新北市","district":"汐止區","address":"新北市汐止區大同路1段177號地下1樓"},"geometry":{"type":"Point","coordinates":[121.63300719487,25.0570527161378]}},{"type":"Feature","properties":{"name":"合一食品股份有限公司","city":"新北市","district":"新店區","address":"新北市新店區寶橋路233之1號地下一層之2"},"geometry":{"type":"Point","coordinates":[121.551326848449,24.9789965690021]}},{"type":"Feature","properties":{"name":"日發麻油行","city":"新北市","district":"三重區","address":"新北市三重區瑞德里11鄰仁興街24巷2號1樓"},"geometry":{"type":"Point","coordinates":[121.499239992308,25.0751346555124]}},{"type":"Feature","properties":{"name":"哈肯舖股份有限公司","city":"新北市","district":"新店區","address":"新北市新店區寶興路45巷1號3樓"},"geometry":{"type":"Point","coordinates":[121.549547748248,24.9738383030318]}},{"type":"Feature","properties":{"name":"谷和食品廠","city":"新北市","district":"鶯歌區","address":"新北市鶯歌區中正三路171之1號1樓"},"geometry":{"type":"Point","coordinates":[121.337591563255,24.9387992656891]}},{"type":"Feature","properties":{"name":"來新開發有限公司","city":"新北市","district":"中和區","address":"新北市中和區員山路581巷31弄2之6號1樓"},"geometry":{"type":"Point","coordinates":[121.477204986974,25.010459706622]}},{"type":"Feature","properties":{"name":"鈺宏食品有限公司","city":"新北市","district":"樹林區","address":"新北市樹林區三俊街85巷6號1樓"},"geometry":{"type":"Point","coordinates":[121.416266701876,25.0158004043989]}},{"type":"Feature","properties":{"name":"香香美食商行","city":"新北市","district":"中和區","address":"新北市中和區員山路550號(1樓)"},"geometry":{"type":"Point","coordinates":[121.478909221898,25.0103034759396]}},{"type":"Feature","properties":{"name":"德記香料化學有限公司","city":"新北市","district":"深坑區","address":"新北市深坑區北深路3段141巷2號4樓"},"geometry":{"type":"Point","coordinates":[121.603350854249,25.0025083710029]}},{"type":"Feature","properties":{"name":"法蘭司蛋糕有限公司三重廠","city":"新北市","district":"三重區","address":"新北市三重區興德路143號(1、2、3層)"},"geometry":{"type":"Point","coordinates":[121.469598592559,25.0528773031868]}},{"type":"Feature","properties":{"name":"緻宏食品股份有限公司","city":"新北市","district":"中和區","address":"新北市中和區中山路2段380巷17、19號1樓"},"geometry":{"type":"Point","coordinates":[121.490823857585,25.0043777358176]}},{"type":"Feature","properties":{"name":"白雞食品工業開發有限公司","city":"新北市","district":"三峽區","address":"新北市三峽區正義街18號1樓"},"geometry":{"type":"Point","coordinates":[121.369231377924,24.9189263176148]}},{"type":"Feature","properties":{"name":"欣樂企業股份有限公司","city":"新北市","district":"三重區","address":"新北市三重區三和路二段13巷2、2-1號3、4樓"},"geometry":{"type":"Point","coordinates":[121.501658316644,25.0669386691644]}},{"type":"Feature","properties":{"name":"阮的肉干有限公司","city":"新北市","district":"三重區","address":"新北市三重區中興北街204巷11號1丶3樓"},"geometry":{"type":"Point","coordinates":[121.468364158203,25.0591586502845]}},{"type":"Feature","properties":{"name":"新錸國際實業有限公司","city":"新北市","district":"三重區","address":"新北市三重區重新路5段510號2樓"},"geometry":{"type":"Point","coordinates":[121.472963075411,25.0467102572472]}},{"type":"Feature","properties":{"name":"百鮮企業有限公司","city":"新北市","district":"林口區","address":"新北市林口區工四路8號1、2樓"},"geometry":{"type":"Point","coordinates":[121.401523224137,25.0781139727925]}},{"type":"Feature","properties":{"name":"中原光合農場股份有限公司","city":"新北市","district":"三峽區","address":"新北市三峽區正義街18號1、2樓"},"geometry":{"type":"Point","coordinates":[121.369231377924,24.9189263176148]}},{"type":"Feature","properties":{"name":"祥發實業有限公司","city":"新北市","district":"樹林區","address":"新北市樹林區三俊街199巷61號1.2樓"},"geometry":{"type":"Point","coordinates":[121.420234388961,25.0181715659014]}},{"type":"Feature","properties":{"name":"宜興國際食品有限公司","city":"新北市","district":"三重區","address":"新北市三重區光復路1段61巷25弄1號1樓"},"geometry":{"type":"Point","coordinates":[121.473415039281,25.0485296451741]}},{"type":"Feature","properties":{"name":"粵成企業有限公司","city":"新北市","district":"新莊區","address":"新北市新莊區中正路544之2號"},"geometry":{"type":"Point","coordinates":[121.430351066523,25.0315024979156]}},{"type":"Feature","properties":{"name":"威琪生技有限公司","city":"新北市","district":"瑞芳區","address":"新北市瑞芳區魚坑路261號"},"geometry":{"type":"Point","coordinates":[121.790433973,25.1097670327]}},{"type":"Feature","properties":{"name":"寶耕生技股份有限公司","city":"新北市","district":"中和區","address":"新北市中和區立德街148巷38號、40號3樓"},"geometry":{"type":"Point","coordinates":[121.486603841501,25.0090978223658]}},{"type":"Feature","properties":{"name":"新北市製冰有限公司","city":"新北市","district":"三峽區","address":"新北市三峽區成福路105巷26號1樓"},"geometry":{"type":"Point","coordinates":[121.418460497982,24.9330885050712]}},{"type":"Feature","properties":{"name":"尚味興業有限公司","city":"新北市","district":"汐止區","address":"新北市汐止區環河街182號"},"geometry":{"type":"Point","coordinates":[121.627920349715,25.0571386864717]}},{"type":"Feature","properties":{"name":"奕瑪國際行銷股份有限公司營養生技廠","city":"新北市","district":"新莊區","address":"新北市新莊區五權一路9號7樓之2"},"geometry":{"type":"Point","coordinates":[121.458914189966,25.0672704279176]}},{"type":"Feature","properties":{"name":"特品貿易有限公司大同一廠","city":"新北市","district":"汐止區","address":"新北市汐止區大同路1段181號5樓之1"},"geometry":{"type":"Point","coordinates":[121.632713042048,25.0571289089878]}},{"type":"Feature","properties":{"name":"珍茂企業有限公司","city":"新北市","district":"三峽區","address":"新北市三峽區隆恩街178-10號1樓"},"geometry":{"type":"Point","coordinates":[121.361771922627,24.9426758335177]}},{"type":"Feature","properties":{"name":"荃鴻股份有限公司","city":"新北市","district":"汐止區","address":"新北市汐止區大同路3段369巷20號(1、2樓)"},"geometry":{"type":"Point","coordinates":[121.676395933518,25.0733960964124]}},{"type":"Feature","properties":{"name":"茂喜股份有限公司中和廠","city":"新北市","district":"中和區","address":"新北市中和區中正路716號5樓之6、之7、之8、之9"},"geometry":{"type":"Point","coordinates":[121.485951367018,24.9971155357137]}},{"type":"Feature","properties":{"name":"冠霖物流有限公司中和廠","city":"新北市","district":"中和區","address":"新北市中和區立德街72巷16號"},"geometry":{"type":"Point","coordinates":[121.487853335154,25.0082122978548]}},{"type":"Feature","properties":{"name":"蛇吞象食品有限公司","city":"新北市","district":"五股區","address":"新北市五股區中興路1段88巷14號1樓"},"geometry":{"type":"Point","coordinates":[121.46677922425,25.0737531559241]}},{"type":"Feature","properties":{"name":"上發食品廠新莊廠","city":"新北市","district":"新莊區","address":"新北市新莊區化成路29巷82號1樓"},"geometry":{"type":"Point","coordinates":[121.462296366706,25.0440854201672]}},{"type":"Feature","properties":{"name":"鼎糧食品廠有限公司","city":"新北市","district":"鶯歌區","address":"新北市鶯歌區二甲路中心巷13弄3號"},"geometry":{"type":"Point","coordinates":[121.337531159879,24.93542427672]}},{"type":"Feature","properties":{"name":"資味食品有限公司新莊廠","city":"新北市","district":"新莊區","address":"新北市新莊區新北大道2段356號(1樓)"},"geometry":{"type":"Point","coordinates":[121.462661466067,25.0609770998354]}},{"type":"Feature","properties":{"name":"郭師傅食品企業有限公司汐止廠","city":"新北市","district":"汐止區","address":"新北市汐止區福德一街351巷11弄1號2樓"},"geometry":{"type":"Point","coordinates":[121.659278851,25.0681489016]}},{"type":"Feature","properties":{"name":"昶圓企業有限公司","city":"新北市","district":"中和區","address":"新北市中和區中正路1206巷13號"},"geometry":{"type":"Point","coordinates":[121.480158774527,25.0113230772259]}},{"type":"Feature","properties":{"name":"采采食茶文化國際股份有限公司","city":"新北市","district":"五股區","address":"新北市五股區五權六路44號(3樓)"},"geometry":{"type":"Point","coordinates":[121.452297516772,25.0672816771235]}},{"type":"Feature","properties":{"name":"博古企業有限公司","city":"新北市","district":"新莊區","address":"新北市新莊區五權二路22號4樓之8"},"geometry":{"type":"Point","coordinates":[121.457709739319,25.0670854321319]}},{"type":"Feature","properties":{"name":"台濬品咖啡食品有限公司","city":"新北市","district":"新店區","address":"新北市新店區民權路42巷18號1樓"},"geometry":{"type":"Point","coordinates":[121.540026863738,24.9835573127712]}},{"type":"Feature","properties":{"name":"荷旺企業有限公司","city":"新北市","district":"樹林區","address":"新北市樹林區光武街34巷5號1、2樓"},"geometry":{"type":"Point","coordinates":[121.417038952981,25.0061087666873]}},{"type":"Feature","properties":{"name":"八方製麵廠","city":"新北市","district":"汐止區","address":"新北市汐止區大安街56巷7弄21號1樓"},"geometry":{"type":"Point","coordinates":[121.677263561473,25.0738105329742]}},{"type":"Feature","properties":{"name":"嵩程食品有限公司","city":"新北市","district":"淡水區","address":"新北市淡水區北新路2段64號(1樓)"},"geometry":{"type":"Point","coordinates":[121.478756784751,25.1855720654467]}},{"type":"Feature","properties":{"name":"淳美肉類製品有限公司","city":"新北市","district":"三重區","address":"新北市三重區中興北街247巷8號1樓"},"geometry":{"type":"Point","coordinates":[121.469648665566,25.059311288256]}},{"type":"Feature","properties":{"name":"華僑仁發有限公司","city":"新北市","district":"深坑區","address":"新北市深坑區北深路3段254號1樓"},"geometry":{"type":"Point","coordinates":[121.599800624206,25.0047447486128]}},{"type":"Feature","properties":{"name":"信明食品股份有限公司","city":"新北市","district":"中和區","address":"新北市中和區中山路3段120之25號10樓"},"geometry":{"type":"Point","coordinates":[121.475694014504,25.0060532505466]}},{"type":"Feature","properties":{"name":"愛維爾蛋糕有限公司(中和廠)","city":"新北市","district":"中和區","address":"新北市中和區民享街4號F棟1樓"},"geometry":{"type":"Point","coordinates":[121.473643437145,25.0053259715161]}},{"type":"Feature","properties":{"name":"巧舜企業有限公司","city":"新北市","district":"土城區","address":"新北市土城區中華路1段56巷51號(3樓)"},"geometry":{"type":"Point","coordinates":[121.443825548451,24.9909745300523]}},{"type":"Feature","properties":{"name":"薇思克股份有限公司","city":"新北市","district":"三重區","address":"新北市三重區光復路1段61巷26號7樓之1"},"geometry":{"type":"Point","coordinates":[121.473639858307,25.0493753190179]}},{"type":"Feature","properties":{"name":"御宏貿易有限公司","city":"新北市","district":"中和區","address":"新北市中和區建二路155、157號(1~3樓)"},"geometry":{"type":"Point","coordinates":[121.487593860528,25.0037895082727]}},{"type":"Feature","properties":{"name":"洪師父實業有限公司","city":"新北市","district":"中和區","address":"新北市中和區連城路222巷2弄5號5樓"},"geometry":{"type":"Point","coordinates":[121.491550630272,24.9972383579094]}},{"type":"Feature","properties":{"name":"佳鄉實業有限公司","city":"新北市","district":"中和區","address":"新北市中和區中山路2段366巷38號"},"geometry":{"type":"Point","coordinates":[121.491720764349,25.0051487135467]}},{"type":"Feature","properties":{"name":"炸翻天企業有限公司","city":"新北市","district":"土城區","address":"新北市土城區慶祥街81號"},"geometry":{"type":"Point","coordinates":[121.435220238058,24.9721698641525]}},{"type":"Feature","properties":{"name":"建美食品有限公司樹林廠","city":"新北市","district":"樹林區","address":"新北市樹林區俊英街219巷45弄8-1號"},"geometry":{"type":"Point","coordinates":[121.420607415948,25.0102880341264]}},{"type":"Feature","properties":{"name":"統好興業有限公司中和廠","city":"新北市","district":"中和區","address":"新北市中和區中正路818號1、2、3樓"},"geometry":{"type":"Point","coordinates":[121.484987711056,25.0033543951441]}},{"type":"Feature","properties":{"name":"閎森食品行三重廠","city":"新北市","district":"三重區","address":"新北市三重區三和路4段89巷18號(1樓)"},"geometry":{"type":"Point","coordinates":[121.48941790454,25.0759315237145]}},{"type":"Feature","properties":{"name":"黃金香食品有限公司","city":"新北市","district":"新莊區","address":"新北市新莊區中正路576巷24、26號(1樓)"},"geometry":{"type":"Point","coordinates":[121.427028568577,25.0312643379373]}},{"type":"Feature","properties":{"name":"隆穎國際有限公司","city":"新北市","district":"八里區","address":"新北市八里區忠孝路408之1號"},"geometry":{"type":"Point","coordinates":[121.417332444863,25.1614951924363]}},{"type":"Feature","properties":{"name":"優異識股份有限公司","city":"新北市","district":"林口區","address":"新北市林口區南勢四街48號"},"geometry":{"type":"Point","coordinates":[121.354951941009,25.069720874319]}},{"type":"Feature","properties":{"name":"佳亦美食品有限公司","city":"新北市","district":"五股區","address":"新北市五股區成泰路2段147巷20號(3樓)"},"geometry":{"type":"Point","coordinates":[121.438693961436,25.0867420473068]}},{"type":"Feature","properties":{"name":"揚華食品有限公司","city":"新北市","district":"新莊區","address":"新北市新莊區復興路3段85號1、2樓"},"geometry":{"type":"Point","coordinates":[121.462955101256,25.0447241708852]}},{"type":"Feature","properties":{"name":"豆品香企業社","city":"新北市","district":"三重區","address":"新北市三重區中興北街235號(1樓)"},"geometry":{"type":"Point","coordinates":[121.469120442166,25.0588791731306]}},{"type":"Feature","properties":{"name":"香李食品有限公司","city":"新北市","district":"鶯歌區","address":"新北市鶯歌區八德路2巷20弄5號"},"geometry":{"type":"Point","coordinates":[121.336100713264,24.9466042452758]}},{"type":"Feature","properties":{"name":"賞味佳食品工業有限公司(三芝廠)","city":"新北市","district":"三芝區","address":"新北市三芝區中山路1段123、125、127號(1樓)"},"geometry":{"type":"Point","coordinates":[121.501977514241,25.2565300896588]}},{"type":"Feature","properties":{"name":"諧和實業股份有限公司","city":"新北市","district":"土城區","address":"新北市土城區中華路一段70巷33號1、2樓"},"geometry":{"type":"Point","coordinates":[121.443508819702,24.9890721634533]}},{"type":"Feature","properties":{"name":"宗原貿易有限公司","city":"新北市","district":"中和區","address":"新北市中和區建康路176號之1"},"geometry":{"type":"Point","coordinates":[121.490390863465,24.9998101499553]}},{"type":"Feature","properties":{"name":"和泰坊食品有限公司","city":"新北市","district":"新莊區","address":"新北市新莊區化成路190巷4弄7、9號(1樓)"},"geometry":{"type":"Point","coordinates":[121.466407708205,25.0461459581929]}},{"type":"Feature","properties":{"name":"典韓實業有限公司","city":"新北市","district":"三重區","address":"新北市三重區光復路2段39巷2號及2之1號"},"geometry":{"type":"Point","coordinates":[121.472508856696,25.0553294159528]}},{"type":"Feature","properties":{"name":"寶騰興業有限公司","city":"新北市","district":"三重區","address":"新北市三重區重新路5段613巷20及22號(1樓)"},"geometry":{"type":"Point","coordinates":[121.466387727955,25.0438032550957]}},{"type":"Feature","properties":{"name":"五立食品有限公司","city":"新北市","district":"五股區","address":"新北市五股區國道路3段9號(1樓)"},"geometry":{"type":"Point","coordinates":[121.469310010137,25.0750403818042]}},{"type":"Feature","properties":{"name":"泰翔有限公司","city":"新北市","district":"新莊區","address":"新北市新莊區復興路3段95號1、2樓"},"geometry":{"type":"Point","coordinates":[121.463261727644,25.0447539793672]}},{"type":"Feature","properties":{"name":"好味企業社","city":"新北市","district":"新店區","address":"新北市新店區寶興路60巷40號1樓"},"geometry":{"type":"Point","coordinates":[121.548460971741,24.9716447034036]}},{"type":"Feature","properties":{"name":"佳美實業有限公司","city":"新北市","district":"深坑區","address":"新北市深坑區北深路3段153號4樓"},"geometry":{"type":"Point","coordinates":[121.602700236836,25.0031256076863]}},{"type":"Feature","properties":{"name":"糕盛有限公司五股廠","city":"新北市","district":"五股區","address":"新北市五股區五權七路13號3樓"},"geometry":{"type":"Point","coordinates":[121.44836522655,25.0671764982496]}},{"type":"Feature","properties":{"name":"上鮮農產有限公司","city":"新北市","district":"中和區","address":"新北市中和區橋安街35、41號2樓"},"geometry":{"type":"Point","coordinates":[121.491990154019,25.0056566155518]}},{"type":"Feature","properties":{"name":"東津國際有限公司","city":"新北市","district":"中和區","address":"新北市中和區中正路800號10樓之5"},"geometry":{"type":"Point","coordinates":[121.485187672438,25.0015431037766]}},{"type":"Feature","properties":{"name":"新達商行","city":"新北市","district":"汐止區","address":"新北市汐止區大同路3段369巷30號(1、2樓)"},"geometry":{"type":"Point","coordinates":[121.676528821787,25.0736839596256]}},{"type":"Feature","properties":{"name":"大盛食品行","city":"新北市","district":"三重區","address":"新北市三重區永福街197巷9號(1樓)"},"geometry":{"type":"Point","coordinates":[121.479212878724,25.0744254086571]}},{"type":"Feature","properties":{"name":"米哥食品有限公司三重廠","city":"新北市","district":"三重區","address":"新北市三重區溪尾街14號之1"},"geometry":{"type":"Point","coordinates":[121.491189851087,25.0756189200447]}},{"type":"Feature","properties":{"name":"葡其實業股份有限公司","city":"新北市","district":"新店區","address":"新北市新店區中正路501-13號1樓"},"geometry":{"type":"Point","coordinates":[121.533580130016,24.9836171702068]}},{"type":"Feature","properties":{"name":"東門鴨莊有限公司","city":"新北市","district":"中和區","address":"新北市中和區建康路272號1樓"},"geometry":{"type":"Point","coordinates":[121.493031138902,25.0000378689096]}},{"type":"Feature","properties":{"name":"中福油行","city":"新北市","district":"五股區","address":"新北市五股區壟鈎路16號"},"geometry":{"type":"Point","coordinates":[121.438105752,25.0830338045]}},{"type":"Feature","properties":{"name":"基隆天婦羅有限公司","city":"新北市","district":"八里區","address":"新北市八里區頂寮一街28巷12號(1、2樓)"},"geometry":{"type":"Point","coordinates":[121.4107271,25.1575376947]}},{"type":"Feature","properties":{"name":"恆茂盛實業有限公司","city":"新北市","district":"中和區","address":"新北市中和區中山路2段327巷11弄11、13號5樓"},"geometry":{"type":"Point","coordinates":[121.493607820666,25.0001348274689]}},{"type":"Feature","properties":{"name":"捷利通股份有限公司","city":"新北市","district":"五股區","address":"新北市五股區中興路1段8之6號及8之7號(1樓)"},"geometry":{"type":"Point","coordinates":[121.46963290876,25.0734368992789]}},{"type":"Feature","properties":{"name":"樂金香食品有限公司","city":"新北市","district":"樹林區","address":"新北市樹林區三俊街5之9號4樓"},"geometry":{"type":"Point","coordinates":[121.411415825337,25.0159418629538]}},{"type":"Feature","properties":{"name":"寶媽媽餐飲股份有限公司","city":"新北市","district":"新莊區","address":"新北市新莊區中正路56巷3之1號1樓"},"geometry":{"type":"Point","coordinates":[121.46089035086,25.0408695205403]}},{"type":"Feature","properties":{"name":"朋生國際有限公司","city":"新北市","district":"新店區","address":"新北市新店區寶中路78號3樓"},"geometry":{"type":"Point","coordinates":[121.548306554176,24.9805390167408]}},{"type":"Feature","properties":{"name":"上信企業股份有限公司","city":"新北市","district":"新店區","address":"新北市新店區民權路130巷3號3樓"},"geometry":{"type":"Point","coordinates":[121.534810672499,24.9833659401641]}},{"type":"Feature","properties":{"name":"叡佳揚寵物食品有限公司","city":"新北市","district":"新莊區","address":"新北市新莊區思源路39號2樓"},"geometry":{"type":"Point","coordinates":[121.459880779875,25.0398135460529]}},{"type":"Feature","properties":{"name":"誼豐股份有限公司","city":"新北市","district":"土城區","address":"新北市土城區忠承路83號6樓、87號6樓"},"geometry":{"type":"Point","coordinates":[121.439216699465,24.9650068399555]}},{"type":"Feature","properties":{"name":"薩摩亞商億達國際股份有限公司台灣分公司","city":"新北市","district":"汐止區","address":"新北市汐止區福德一路392巷37弄39號"},"geometry":{"type":"Point","coordinates":[121.625135085164,25.0619950387482]}},{"type":"Feature","properties":{"name":"力尹食品有限公司二廠","city":"新北市","district":"汐止區","address":"新北市汐止區大同路1段239號12樓"},"geometry":{"type":"Point","coordinates":[121.63494027976,25.0580249083001]}},{"type":"Feature","properties":{"name":"運朗烘焙食品有限公司","city":"新北市","district":"新莊區","address":"新北市新莊區化成路105號(1樓)、107號(1樓)"},"geometry":{"type":"Point","coordinates":[121.465456231584,25.0469348214728]}},{"type":"Feature","properties":{"name":"路易莎職人咖啡股份有限公司","city":"新北市","district":"五股區","address":"新北市五股區五權六路5號"},"geometry":{"type":"Point","coordinates":[121.449306313899,25.0640306599595]}},{"type":"Feature","properties":{"name":"長和國際股份有限公司","city":"新北市","district":"樹林區","address":"新北市樹林區大安路546號7樓"},"geometry":{"type":"Point","coordinates":[121.413313532309,24.9854436834635]}},{"type":"Feature","properties":{"name":"健康樂食有限公司","city":"新北市","district":"中和區","address":"新北市中和區中山路2段366巷40號"},"geometry":{"type":"Point","coordinates":[121.491710498556,25.0052036874569]}},{"type":"Feature","properties":{"name":"建全生技有限公司","city":"新北市","district":"板橋區","address":"新北市板橋區廣權路13號9樓"},"geometry":{"type":"Point","coordinates":[121.46072601617,24.9917478171137]}},{"type":"Feature","properties":{"name":"松楚食品有限公司","city":"新北市","district":"新莊區","address":"新北市新莊區化成路267巷20號"},"geometry":{"type":"Point","coordinates":[121.464974399401,25.0541308574172]}},{"type":"Feature","properties":{"name":"老牌張家傳豬腳有限公司","city":"新北市","district":"蘆洲區","address":"新北市蘆洲區國道路2段1巷50號3樓"},"geometry":{"type":"Point","coordinates":[121.474809237853,25.0730621400125]}},{"type":"Feature","properties":{"name":"統鮮美食股份有限公司三重廠","city":"新北市","district":"三重區","address":"新北市三重區中興北街136巷18弄18號(1、2樓)"},"geometry":{"type":"Point","coordinates":[121.467994985572,25.0551954940598]}},{"type":"Feature","properties":{"name":"西霸企業有限公司","city":"新北市","district":"新店區","address":"新北市新店區中正路四維巷2弄3號5樓"},"geometry":{"type":"Point","coordinates":[121.534176176381,24.9850912570214]}},{"type":"Feature","properties":{"name":"帝勝生技股份有限公司","city":"新北市","district":"深坑區","address":"新北市深坑區北深路3段270巷16號2樓之1"},"geometry":{"type":"Point","coordinates":[121.59914549152,25.0059675012797]}},{"type":"Feature","properties":{"name":"毅慶生技開發有限公司(板橋廠)","city":"新北市","district":"板橋區","address":"新北市板橋區和平路14巷36號"},"geometry":{"type":"Point","coordinates":[121.461719447573,24.991771011687]}},{"type":"Feature","properties":{"name":"汎泰水產有限公司","city":"新北市","district":"中和區","address":"新北市中和區建三路79號(1樓)"},"geometry":{"type":"Point","coordinates":[121.486511169502,25.001177596494]}},{"type":"Feature","properties":{"name":"永聖食品有限公司","city":"新北市","district":"新店區","address":"新北市新店區建國路293巷6號1樓"},"geometry":{"type":"Point","coordinates":[121.536654465413,24.986422717983]}},{"type":"Feature","properties":{"name":"松益食品有限公司","city":"新北市","district":"三峽區","address":"新北市三峽區成福路105巷28號"},"geometry":{"type":"Point","coordinates":[121.418731733282,24.9324632853677]}},{"type":"Feature","properties":{"name":"亞太動物生技有限公司","city":"新北市","district":"樹林區","address":"新北市樹林區中正路415號3樓之3"},"geometry":{"type":"Point","coordinates":[121.417105078976,25.0074522706961]}},{"type":"Feature","properties":{"name":"禾稼有限公司","city":"新北市","district":"中和區","address":"新北市中和區建六路67巷14號(1、2樓)"},"geometry":{"type":"Point","coordinates":[121.486781998297,25.0027233948161]}},{"type":"Feature","properties":{"name":"貝比企業有限公司","city":"新北市","district":"中和區","address":"新北市中和區立德街148巷40號5樓"},"geometry":{"type":"Point","coordinates":[121.486554141287,25.0091242614345]}},{"type":"Feature","properties":{"name":"卜立股份有限公司土城工廠","city":"新北市","district":"土城區","address":"新北市土城區永平街9號1樓"},"geometry":{"type":"Point","coordinates":[121.428036480716,24.963025175315]}},{"type":"Feature","properties":{"name":"高氏饗宴國際有限公司","city":"新北市","district":"土城區","address":"新北市土城區千歲路30號(1樓)"},"geometry":{"type":"Point","coordinates":[121.441566138146,24.9686007398231]}},{"type":"Feature","properties":{"name":"一香食品有限公司","city":"新北市","district":"汐止區","address":"新北市汐止區南陽街180巷5號(1、2樓)"},"geometry":{"type":"Point","coordinates":[121.625366162261,25.057896329292]}},{"type":"Feature","properties":{"name":"海邊走走食品股份有限公司","city":"新北市","district":"淡水區","address":"新北市淡水區中正東路1段3巷33號8樓"},"geometry":{"type":"Point","coordinates":[121.452421883074,25.1656193640152]}},{"type":"Feature","properties":{"name":"興旺烘焙食品有限公司","city":"新北市","district":"中和區","address":"新北市中和區板南路490號3樓之1及3樓之2"},"geometry":{"type":"Point","coordinates":[121.485085461312,25.008269127473]}},{"type":"Feature","properties":{"name":"錢都顧問有限公司","city":"新北市","district":"板橋區","address":"新北市板橋區中山路2段443巷75號2樓"},"geometry":{"type":"Point","coordinates":[121.481129765045,25.0221627593934]}},{"type":"Feature","properties":{"name":"十方苑國際股份有限公司","city":"新北市","district":"樹林區","address":"新北市樹林區東豐街65之1號3樓"},"geometry":{"type":"Point","coordinates":[121.414520637117,24.9755509062272]}},{"type":"Feature","properties":{"name":"艾酷奇食品股份有限公司","city":"新北市","district":"新店區","address":"新北市新店區寶興路45巷8弄4、6號"},"geometry":{"type":"Point","coordinates":[121.55021152103,24.9746002308981]}},{"type":"Feature","properties":{"name":"巧瑞吉實業有限公司","city":"新北市","district":"汐止區","address":"新北市汐止區康寧街169巷31號3樓之2"},"geometry":{"type":"Point","coordinates":[121.622626784935,25.0695574716309]}},{"type":"Feature","properties":{"name":"兆裔有限公司","city":"新北市","district":"樹林區","address":"新北市樹林區備內街1巷35弄1號1樓"},"geometry":{"type":"Point","coordinates":[121.412791357503,24.9860542371124]}},{"type":"Feature","properties":{"name":"橘焱國際事業股份有限公司","city":"新北市","district":"新店區","address":"新北市新店區中正路四維巷2弄5號2樓"},"geometry":{"type":"Point","coordinates":[121.534183440568,24.9849526877168]}},{"type":"Feature","properties":{"name":"健康樂活生醫股份有限公司","city":"新北市","district":"土城區","address":"新北市土城區永平街9號2樓"},"geometry":{"type":"Point","coordinates":[121.428036480716,24.963025175315]}},{"type":"Feature","properties":{"name":"米滋崎食品有限公司","city":"新北市","district":"汐止區","address":"新北市汐止區中興路31號2樓之2"},"geometry":{"type":"Point","coordinates":[121.634623471667,25.061767532413]}},{"type":"Feature","properties":{"name":"御瀧食品企業有限公司","city":"新北市","district":"樹林區","address":"新北市樹林區三俊街135巷24號(1樓)"},"geometry":{"type":"Point","coordinates":[121.418538093674,25.0163404681514]}},{"type":"Feature","properties":{"name":"東北大餅有限公司","city":"新北市","district":"新莊區","address":"新北市新莊區新樹路310巷18號"},"geometry":{"type":"Point","coordinates":[121.432614915701,25.0050640177824]}},{"type":"Feature","properties":{"name":"唐舖子食品股份有限公司","city":"新北市","district":"中和區","address":"新北市中和區立德街128號7樓、132號7樓"},"geometry":{"type":"Point","coordinates":[121.486681539944,25.00885869833]}},{"type":"Feature","properties":{"name":"緯豆股份有限公司新莊廠","city":"新北市","district":"新莊區","address":"新北市新莊區五權二路24號1、2樓"},"geometry":{"type":"Point","coordinates":[121.458554146941,25.0677731586204]}},{"type":"Feature","properties":{"name":"連長實業股份有限公司忠孝廠","city":"新北市","district":"八里區","address":"新北市八里區忠孝路286號(1樓)"},"geometry":{"type":"Point","coordinates":[121.419695041997,25.1613324969472]}},{"type":"Feature","properties":{"name":"皇贊股份有限公司","city":"新北市","district":"中和區","address":"新北市中和區立德街148巷42號7樓"},"geometry":{"type":"Point","coordinates":[121.486496594501,25.0091555029544]}},{"type":"Feature","properties":{"name":"昱品事業有限公司","city":"新北市","district":"樹林區","address":"新北市樹林區忠愛街13號2樓"},"geometry":{"type":"Point","coordinates":[121.408402259643,25.0157624402739]}},{"type":"Feature","properties":{"name":"智豆科技有限公司","city":"新北市","district":"中和區","address":"新北市中和區橋和路89號7樓"},"geometry":{"type":"Point","coordinates":[121.490312223986,25.0055737733309]}},{"type":"Feature","properties":{"name":"元茂農產企業股份有限公司二廠","city":"新北市","district":"新莊區","address":"新北市新莊區五權一路3號之2(1樓)"},"geometry":{"type":"Point","coordinates":[121.457392108499,25.0655922866113]}},{"type":"Feature","properties":{"name":"萬寶客股份有限公司","city":"新北市","district":"蘆洲區","address":"新北市蘆洲區國道路2段25號3樓"},"geometry":{"type":"Point","coordinates":[121.474607439816,25.073781780003]}},{"type":"Feature","properties":{"name":"昆帝食品有限公司","city":"新北市","district":"五股區","address":"新北市五股區五權三路47號(1樓)"},"geometry":{"type":"Point","coordinates":[121.456297513558,25.0681166276338]}},{"type":"Feature","properties":{"name":"嚐鱻食品有限公司板橋廠","city":"新北市","district":"板橋區","address":"新北市板橋區和平路14巷30號1、2樓"},"geometry":{"type":"Point","coordinates":[121.461790748796,24.9919141131402]}},{"type":"Feature","properties":{"name":"崴欣國際有限公司","city":"新北市","district":"中和區","address":"新北市中和區中山路二段448號3樓"},"geometry":{"type":"Point","coordinates":[121.489002297811,25.0044487093875]}}]}